Time(s), V(V),Encoder,ADC
0,0,0,-1
0.005,0.094244,0,-1
0.01,0.18848,0,-1
0.015,0.28271,0,-1
0.02,0.37692,0,-1
0.025,0.4711,0,-1
0.03,0.56526,0,39
0.035,0.65938,0,39
0.04,0.75346,0,39
0.045,0.8475,0,63
0.05,0.94148,0,63
0.055,1.0354,0,63
0.06,1.1293,0,63
0.065,1.2231,0,88
0.07,1.3168,0,88
0.075,1.4104,1,88
0.08,1.504,1,103
0.085,1.5974,1,103
0.09,1.6908,1,103
0.095,1.784,2,103
0.1,1.8772,2,120
0.105,1.9702,3,120
0.11,2.0631,3,120
0.115,2.1559,4,127
0.12,2.2485,4,127
0.125,2.341,5,127
0.13,2.4334,6,127
0.135,2.5256,7,142
0.14,2.6176,8,142
0.145,2.7095,9,142
0.15,2.8013,11,142
0.155,2.8928,12,156
0.16,2.9842,14,156
0.165,3.0754,15,156
0.17,3.1664,17,176
0.175,3.2572,19,176
0.18,3.3478,21,176
0.185,3.4382,23,176
0.19,3.5284,26,184
0.195,3.6184,28,184
0.2,3.7081,31,184
0.205,3.7976,33,159
0.21,3.8869,37,159
0.215,3.9759,40,159
0.22,4.0647,43,159
0.225,4.1533,47,159
0.23,4.2416,50,159
0.235,4.3296,54,159
0.24,4.4174,58,193
0.245,4.5049,62,193
0.25,4.5921,67,193
0.255,4.679,71,193
0.26,4.7656,76,127
0.265,4.852,81,127
0.27,4.938,86,127
0.275,5.0238,91,127
0.28,5.1092,97,127
0.285,5.1943,103,127
0.29,5.2791,108,127
0.295,5.3636,115,152
0.3,5.4477,121,152
0.305,5.5315,127,152
0.31,5.615,134,143
0.315,5.6981,141,143
0.32,5.7809,148,143
0.325,5.8633,155,143
0.33,5.9453,163,143
0.335,6.027,171,143
0.34,6.1083,178,143
0.345,6.1893,186,143
0.35,6.2698,195,112
0.355,6.35,203,112
0.36,6.4297,211,112
0.365,6.5091,220,103
0.37,6.5881,229,103
0.375,6.6667,238,103
0.38,6.7448,247,103
0.385,6.8226,257,127
0.39,6.8999,266,127
0.395,6.9768,276,127
0.4,7.0532,286,88
0.405,7.1293,296,88
0.41,7.2049,306,88
0.415,7.28,316,88
0.42,7.3547,327,79
0.425,7.4289,337,79
0.43,7.5027,348,79
0.435,7.576,359,83
0.44,7.6489,370,83
0.445,7.7213,381,83
0.45,7.7932,392,83
0.455,7.8646,404,63
0.46,7.9355,415,63
0.465,8.006,427,63
0.47,8.076,439,63
0.475,8.1454,451,63
0.48,8.2144,463,63
0.485,8.2828,475,63
0.49,8.3508,487,49
0.495,8.4182,499,49
0.5,8.4851,512,49
0.505,8.5515,524,48
0.51,8.6173,537,48
0.515,8.6826,550,48
0.52,8.7474,563,48
0.525,8.8117,575,48
0.53,8.8754,588,48
0.535,8.9385,602,48
0.54,9.0011,615,48
0.545,9.0632,628,48
0.55,9.1247,641,48
0.555,9.1856,655,48
0.56,9.246,669,44
0.565,9.3057,682,44
0.57,9.365,696,44
0.575,9.4236,710,44
0.58,9.4817,723,39
0.585,9.5391,737,39
0.59,9.596,751,39
0.595,9.6523,765,31
0.6,9.708,779,31
0.605,9.7631,793,31
0.61,9.8176,807,31
0.615,9.8715,822,31
0.62,9.9248,836,31
0.625,9.9774,850,31
0.63,10.029,865,31
0.635,10.081,879,31
0.64,10.132,894,31
0.645,10.182,908,31
0.65,10.231,923,24
0.655,10.28,937,24
0.66,10.329,952,24
0.665,10.376,967,28
0.67,10.423,981,28
0.675,10.47,996,28
0.68,10.515,1011,28
0.685,10.561,1026,31
0.69,10.605,1041,31
0.695,10.649,1056,31
0.7,10.692,1071,31
0.705,10.734,1086,31
0.71,10.776,1101,31
0.715,10.817,1116,31
0.72,10.858,1131,24
0.725,10.898,1146,24
0.73,10.937,1161,24
0.735,10.975,1177,24
0.74,11.013,1192,24
0.745,11.05,1207,24
0.75,11.086,1223,24
0.755,11.122,1238,15
0.76,11.157,1253,15
0.765,11.192,1269,15
0.77,11.225,1284,15
0.775,11.258,1300,24
0.78,11.29,1315,24
0.785,11.322,1331,24
0.79,11.353,1346,15
0.795,11.383,1362,15
0.8,11.413,1377,15
0.805,11.441,1393,15
0.81,11.469,1409,24
0.815,11.497,1424,24
0.82,11.523,1440,24
0.825,11.549,1455,15
0.83,11.575,1471,15
0.835,11.599,1487,15
0.84,11.623,1503,15
0.845,11.646,1518,15
0.85,11.668,1534,15
0.855,11.69,1550,15
0.86,11.711,1566,15
0.865,11.731,1582,15
0.87,11.751,1597,15
0.875,11.769,1613,15
0.88,11.787,1629,24
0.885,11.805,1645,24
0.89,11.821,1661,24
0.895,11.837,1677,15
0.9,11.852,1693,15
0.905,11.867,1709,15
0.91,11.88,1725,15
0.915,11.893,1740,15
0.92,11.905,1756,15
0.925,11.917,1772,15
0.93,11.927,1788,15
0.935,11.937,1804,15
0.94,11.947,1820,15
0.945,11.955,1836,15
0.95,11.963,1852,15
0.955,11.97,1868,15
0.96,11.976,1884,15
0.965,11.982,1900,15
0.97,11.987,1916,15
0.975,11.991,1932,15
0.98,11.994,1948,15
0.985,11.997,1965,15
0.99,11.999,1981,15
0.995,12,1997,15
1,12,2013,15
1.005,12,2029,15
1.01,11.999,2045,15
1.015,11.997,2061,15
1.02,11.994,2077,15
1.025,11.991,2093,15
1.03,11.987,2110,15
1.035,11.982,2126,15
1.04,11.976,2142,7
1.045,11.97,2158,7
1.05,11.963,2174,7
1.055,11.955,2190,15
1.06,11.947,2207,15
1.065,11.938,2223,15
1.07,11.928,2239,15
1.075,11.917,2255,15
1.08,11.905,2271,15
1.085,11.893,2287,15
1.09,11.88,2303,15
1.095,11.867,2320,15
1.1,11.852,2336,15
1.105,11.837,2352,15
1.11,11.821,2368,24
1.115,11.805,2384,24
1.12,11.788,2401,24
1.125,11.77,2417,24
1.13,11.751,2433,7
1.135,11.731,2449,7
1.14,11.711,2465,7
1.145,11.69,2481,7
1.15,11.669,2497,7
1.155,11.646,2514,7
1.16,11.623,2530,7
1.165,11.599,2546,15
1.17,11.575,2562,15
1.175,11.55,2578,15
1.18,11.524,2594,15
1.185,11.497,2611,15
1.19,11.47,2627,15
1.195,11.442,2643,15
1.2,11.413,2659,15
1.205,11.383,2675,15
1.21,11.353,2691,15
1.215,11.322,2707,15
1.22,11.291,2724,15
1.225,11.259,2740,15
1.23,11.226,2756,15
1.235,11.192,2772,15
1.24,11.158,2788,15
1.245,11.123,2805,15
1.25,11.087,2821,15
1.255,11.05,2837,15
1.26,11.013,2853,15
1.265,10.976,2869,15
1.27,10.937,2885,15
1.275,10.898,2901,15
1.28,10.858,2917,15
1.285,10.818,2933,15
1.29,10.777,2950,15
1.295,10.735,2966,15
1.3,10.692,2982,15
1.305,10.649,2998,15
1.31,10.606,3014,15
1.315,10.561,3030,15
1.32,10.516,3046,15
1.325,10.47,3062,15
1.33,10.424,3078,15
1.335,10.377,3095,15
1.34,10.329,3111,15
1.345,10.281,3127,15
1.35,10.232,3143,15
1.355,10.183,3159,15
1.36,10.132,3175,15
1.365,10.082,3191,15
1.37,10.03,3207,15
1.375,9.9781,3223,28
1.38,9.9254,3239,28
1.385,9.8721,3255,28
1.39,9.8183,3271,28
1.395,9.7638,3287,14
1.4,9.7087,3303,14
1.405,9.653,3319,14
1.41,9.5967,3335,15
1.415,9.5398,3351,15
1.42,9.4824,3367,15
1.425,9.4243,3383,15
1.43,9.3657,3399,14
1.435,9.3065,3415,14
1.44,9.2467,3431,14
1.445,9.1863,3447,19
1.45,9.1254,3463,19
1.455,9.0639,3479,19
1.46,9.0019,3495,19
1.465,8.9393,3511,15
1.47,8.8761,3527,15
1.475,8.8124,3543,15
1.48,8.7482,3559,24
1.485,8.6834,3575,24
1.49,8.6181,3591,24
1.495,8.5523,3607,24
1.5,8.4859,3623,15
1.505,8.419,3639,15
1.51,8.3516,3654,15
1.515,8.2836,3670,15
1.52,8.2152,3686,15
1.525,8.1462,3702,15
1.53,8.0768,3718,15
1.535,8.0068,3734,15
1.54,7.9364,3750,15
1.545,7.8655,3765,15
1.55,7.7941,3781,15
1.555,7.7222,3797,15
1.56,7.6498,3813,15
1.565,7.5769,3829,15
1.57,7.5036,3844,15
1.575,7.4298,3860,15
1.58,7.3556,3876,15
1.585,7.2809,3892,15
1.59,7.2058,3907,15
1.595,7.1302,3923,15
1.6,7.0542,3939,15
1.605,6.9777,3955,24
1.61,6.9008,3970,24
1.615,6.8235,3986,24
1.62,6.7458,4002,24
1.625,6.6676,4017,24
1.63,6.5891,4033,24
1.635,6.5101,4049,24
1.64,6.4307,4064,24
1.645,6.3509,4080,24
1.65,6.2708,4095,24
1.655,6.1902,4111,24
1.66,6.1093,4127,24
1.665,6.028,4142,24
1.67,5.9463,4158,24
1.675,5.8643,4173,24
1.68,5.7819,4189,24
1.685,5.6991,4204,24
1.69,5.616,4220,24
1.695,5.5326,4235,24
1.7,5.4488,4251,24
1.705,5.3646,4266,24
1.71,5.2801,4281,24
1.715,5.1954,4297,24
1.72,5.1102,4312,24
1.725,5.0248,4327,24
1.73,4.9391,4343,24
1.735,4.853,4358,24
1.74,4.7667,4373,24
1.745,4.68,4389,24
1.75,4.5931,4404,24
1.755,4.5059,4419,24
1.76,4.4184,4434,24
1.765,4.3307,4449,24
1.77,4.2426,4465,24
1.775,4.1544,4480,24
1.78,4.0658,4495,24
1.785,3.977,4510,24
1.79,3.888,4525,24
1.795,3.7987,4540,24
1.8,3.7092,4555,28
1.805,3.6194,4570,28
1.81,3.5295,4585,28
1.815,3.4393,4600,28
1.82,3.3489,4615,24
1.825,3.2583,4630,24
1.83,3.1675,4645,24
1.835,3.0765,4659,28
1.84,2.9853,4674,28
1.845,2.8939,4689,28
1.85,2.8024,4703,28
1.855,2.7106,4718,24
1.86,2.6188,4733,24
1.865,2.5267,4747,24
1.87,2.4345,4762,24
1.875,2.3421,4777,24
1.88,2.2496,4791,24
1.885,2.157,4806,24
1.89,2.0642,4820,15
1.895,1.9713,4834,15
1.9,1.8783,4849,15
1.905,1.7851,4863,15
1.91,1.6919,4877,28
1.915,1.5985,4892,28
1.92,1.5051,4906,28
1.925,1.4115,4920,24
1.93,1.3179,4934,24
1.935,1.2242,4948,24
1.94,1.1304,4962,24
1.945,1.0365,4976,15
1.95,0.94262,4990,15
1.955,0.84864,5004,15
1.96,0.7546,5018,15
1.965,0.66052,5031,15
1.97,0.5664,5045,15
1.975,0.47225,5059,15
1.98,0.37806,5072,15
1.985,0.28385,5086,15
1.99,0.18963,5099,15
1.995,0.095387,5113,7
2,0.0011434,5126,7
2.005,-0.093104,5140,7
2.01,-0.18734,5153,7
2.015,-0.28157,5166,24
2.02,-0.37578,5179,24
2.025,-0.46997,5193,24
2.03,-0.56413,5206,79
2.035,-0.65826,5219,79
2.04,-0.75234,5231,79
2.045,-0.84638,5244,79
2.05,-0.94036,5257,120
2.055,-1.0343,5269,120
2.06,-1.1282,5282,120
2.065,-1.2219,5294,159
2.07,-1.3157,5306,159
2.075,-1.4093,5318,159
2.08,-1.5029,5330,159
2.085,-1.5963,5341,184
2.09,-1.6897,5353,184
2.095,-1.7829,5364,184
2.1,-1.8761,5375,184
2.105,-1.9691,5386,216
2.11,-2.062,5397,216
2.115,-2.1548,5407,216
2.12,-2.2474,5417,231
2.125,-2.3399,5427,231
2.13,-2.4323,5437,231
2.135,-2.5245,5446,231
2.14,-2.6166,5455,256
2.145,-2.7085,5464,256
2.15,-2.8002,5473,256
2.155,-2.8918,5481,259
2.16,-2.9832,5489,259
2.165,-3.0743,5497,259
2.17,-3.1654,5504,259
2.175,-3.2562,5511,256
2.18,-3.3468,5518,256
2.185,-3.4372,5525,256
2.19,-3.5274,5531,271
2.195,-3.6173,5537,271
2.2,-3.7071,5542,271
2.205,-3.7966,5547,271
2.21,-3.8859,5552,263
2.215,-3.975,5556,263
2.22,-4.0638,5560,263
2.225,-4.1523,5564,270
2.23,-4.2406,5567,270
2.235,-4.3286,5570,270
2.24,-4.4164,5572,270
2.245,-4.5039,5574,256
2.25,-4.5911,5576,256
2.255,-4.678,5577,256
2.26,-4.7647,5578,256
2.265,-4.851,5578,256
2.27,-4.9371,5579,256
2.275,-5.0228,5578,256
2.28,-5.1083,5577,216
2.285,-5.1934,5577,216
2.29,-5.2782,5575,216
2.295,-5.3627,5573,216
2.3,-5.4468,5571,216
2.305,-5.5306,5569,216
2.31,-5.6141,5567,216
2.315,-5.6972,5564,206
2.32,-5.78,5561,206
2.325,-5.8624,5557,206
2.33,-5.9445,5553,206
2.335,-6.0262,5549,176
2.34,-6.1075,5545,176
2.345,-6.1884,5540,176
2.35,-6.269,5535,177
2.355,-6.3491,5530,177
2.36,-6.4289,5524,177
2.365,-6.5083,5518,177
2.37,-6.5873,5512,127
2.375,-6.6659,5506,127
2.38,-6.744,5499,127
2.385,-6.8218,5492,143
2.39,-6.8991,5485,143
2.395,-6.976,5478,143
2.4,-7.0525,5470,143
2.405,-7.1285,5462,127
2.41,-7.2041,5454,127
2.415,-7.2792,5446,127
2.42,-7.3539,5437,120
2.425,-7.4282,5428,120
2.43,-7.502,5419,120
2.435,-7.5753,5410,120
2.44,-7.6482,5401,103
2.445,-7.7206,5391,103
2.45,-7.7925,5381,103
2.455,-7.8639,5371,103
2.46,-7.9348,5361,97
2.465,-8.0053,5351,97
2.47,-8.0753,5340,97
2.475,-8.1447,5329,96
2.48,-8.2137,5318,96
2.485,-8.2821,5307,96
2.49,-8.3501,5296,96
2.495,-8.4175,5285,79
2.5,-8.4844,5273,79
2.505,-8.5508,5261,79
2.51,-8.6167,5249,71
2.515,-8.682,5237,71
2.52,-8.7468,5225,71
2.525,-8.811,5213,71
2.53,-8.8748,5201,63
2.535,-8.9379,5188,63
2.54,-9.0005,5176,63
2.545,-9.0626,5163,60
2.55,-9.1241,5150,60
2.555,-9.185,5137,60
2.56,-9.2454,5124,60
2.565,-9.3052,5111,48
2.57,-9.3644,5098,48
2.575,-9.423,5085,48
2.58,-9.4811,5071,56
2.585,-9.5386,5058,56
2.59,-9.5955,5044,56
2.595,-9.6518,5030,56
2.6,-9.7075,5017,39
2.605,-9.7626,5003,39
2.61,-9.8171,4989,39
2.615,-9.871,4975,31
2.62,-9.9243,4961,31
2.625,-9.977,4947,31
2.63,-10.029,4933,31
2.635,-10.08,4918,24
2.64,-10.131,4904,24
2.645,-10.181,4890,24
2.65,-10.231,4875,24
2.655,-10.28,4861,39
2.66,-10.328,4847,39
2.665,-10.376,4832,39
2.67,-10.423,4817,31
2.675,-10.469,4803,31
2.68,-10.515,4788,31
2.685,-10.56,4773,31
2.69,-10.605,4759,28
2.695,-10.648,4744,28
2.7,-10.692,4729,28
2.705,-10.734,4714,30
2.71,-10.776,4699,30
2.715,-10.817,4684,30
2.72,-10.857,4669,30
2.725,-10.897,4654,28
2.73,-10.936,4639,28
2.735,-10.975,4624,28
2.74,-11.013,4609,24
2.745,-11.05,4593,24
2.75,-11.086,4578,24
2.755,-11.122,4563,24
2.76,-11.157,4548,14
2.765,-11.191,4533,14
2.77,-11.225,4517,14
2.775,-11.258,4502,7
2.78,-11.29,4487,7
2.785,-11.322,4471,7
2.79,-11.353,4456,7
2.795,-11.383,4440,28
2.8,-11.412,4425,28
2.805,-11.441,4409,28
2.81,-11.469,4394,19
2.815,-11.497,4379,19
2.82,-11.523,4363,19
2.825,-11.549,4347,19
2.83,-11.574,4332,24
2.835,-11.599,4317,24
2.84,-11.623,4301,24
2.845,-11.646,4285,24
2.85,-11.668,4270,24
2.855,-11.69,4254,24
2.86,-11.711,4239,24
2.865,-11.731,4223,15
2.87,-11.75,4207,15
2.875,-11.769,4192,15
2.88,-11.787,4176,15
2.885,-11.805,4161,0
2.89,-11.821,4145,0
2.895,-11.837,4129,0
2.9,-11.852,4114,7
2.905,-11.866,4098,7
2.91,-11.88,4083,7
2.915,-11.893,4067,7
2.92,-11.905,4051,7
2.925,-11.917,4035,7
2.93,-11.927,4020,7
2.935,-11.937,4004,7
2.94,-11.947,3988,7
2.945,-11.955,3973,7
2.95,-11.963,3957,7
2.955,-11.97,3941,7
2.96,-11.976,3925,7
2.965,-11.982,3910,7
2.97,-11.987,3894,15
2.975,-11.991,3878,15
2.98,-11.994,3863,15
2.985,-11.997,3847,15
2.99,-11.998,3831,15
2.995,-12,3815,15
3,-12,3800,15
3.005,-12,3784,15
3.01,-11.999,3768,15
3.015,-11.997,3753,15
3.02,-11.994,3737,15
3.025,-11.991,3721,15
3.03,-11.987,3705,15
3.035,-11.982,3689,15
3.04,-11.976,3674,15
3.045,-11.97,3658,15
3.05,-11.963,3642,15
3.055,-11.955,3626,15
3.06,-11.947,3610,12
3.065,-11.938,3595,12
3.07,-11.928,3579,12
3.075,-11.917,3563,12
3.08,-11.906,3547,14
3.085,-11.893,3532,14
3.09,-11.88,3516,14
3.095,-11.867,3500,15
3.1,-11.852,3484,15
3.105,-11.837,3469,15
3.11,-11.822,3453,15
3.115,-11.805,3437,15
3.12,-11.788,3421,15
3.125,-11.77,3405,15
3.13,-11.751,3389,1
3.135,-11.731,3374,1
3.14,-11.711,3358,1
3.145,-11.69,3342,1
3.15,-11.669,3326,7
3.155,-11.646,3311,7
3.16,-11.623,3295,7
3.165,-11.6,3279,7
3.17,-11.575,3263,7
3.175,-11.55,3248,7
3.18,-11.524,3232,7
3.185,-11.497,3216,15
3.19,-11.47,3200,15
3.195,-11.442,3185,15
3.2,-11.413,3169,15
3.205,-11.384,3153,15
3.21,-11.353,3137,15
3.215,-11.323,3121,15
3.22,-11.291,3106,15
3.225,-11.259,3090,15
3.23,-11.226,3074,15
3.235,-11.192,3059,15
3.24,-11.158,3043,15
3.245,-11.123,3027,15
3.25,-11.087,3011,15
3.255,-11.051,2995,15
3.26,-11.014,2980,15
3.265,-10.976,2964,15
3.27,-10.937,2948,15
3.275,-10.898,2933,3
3.28,-10.858,2917,3
3.285,-10.818,2901,3
3.29,-10.777,2885,15
3.295,-10.735,2870,15
3.3,-10.693,2854,15
3.305,-10.65,2838,15
3.31,-10.606,2823,15
3.315,-10.561,2807,15
3.32,-10.516,2791,15
3.325,-10.471,2775,15
3.33,-10.424,2760,15
3.335,-10.377,2744,15
3.34,-10.33,2728,15
3.345,-10.281,2713,24
3.35,-10.232,2697,24
3.355,-10.183,2681,24
3.36,-10.133,2666,15
3.365,-10.082,2650,15
3.37,-10.03,2634,15
3.375,-9.9784,2619,15
3.38,-9.9257,2603,3
3.385,-9.8724,2587,3
3.39,-9.8186,2571,3
3.395,-9.7641,2556,7
3.4,-9.709,2540,7
3.405,-9.6533,2525,7
3.41,-9.597,2509,7
3.415,-9.5401,2493,7
3.42,-9.4827,2478,7
3.425,-9.4246,2462,7
3.43,-9.366,2447,7
3.435,-9.3068,2431,12
3.44,-9.247,2415,12
3.445,-9.1867,2400,12
3.45,-9.1257,2384,14
3.455,-9.0642,2369,14
3.46,-9.0022,2353,14
3.465,-8.9396,2337,14
3.47,-8.8765,2322,15
3.475,-8.8128,2306,15
3.48,-8.7485,2291,15
3.485,-8.6838,2275,14
3.49,-8.6184,2260,14
3.495,-8.5526,2244,14
3.5,-8.4862,2229,14
3.505,-8.4193,2213,15
3.51,-8.3519,2198,15
3.515,-8.284,2182,15
3.52,-8.2155,2167,17
3.525,-8.1466,2151,17
3.53,-8.0771,2136,17
3.535,-8.0072,2120,17
3.54,-7.9367,2105,15
3.545,-7.8658,2089,15
3.55,-7.7944,2074,15
3.555,-7.7225,2059,15
3.56,-7.6501,2043,15
3.565,-7.5773,2028,15
3.57,-7.504,2012,15
3.575,-7.4302,1997,15
3.58,-7.3559,1981,15
3.585,-7.2813,1966,15
3.59,-7.2061,1951,24
3.595,-7.1305,1935,24
3.6,-7.0545,1920,24
3.605,-6.9781,1904,24
3.61,-6.9012,1889,14
3.615,-6.8238,1874,14
3.62,-6.7461,1858,14
3.625,-6.668,1843,14
3.63,-6.5894,1828,24
3.635,-6.5104,1813,24
3.64,-6.4311,1797,24
3.645,-6.3513,1782,28
3.65,-6.2711,1767,28
3.655,-6.1906,1751,28
3.66,-6.1097,1736,28
3.665,-6.0284,1721,24
3.67,-5.9467,1706,24
3.675,-5.8646,1690,24
3.68,-5.7822,1675,24
3.685,-5.6995,1660,24
3.69,-5.6164,1645,24
3.695,-5.5329,1630,24
3.7,-5.4491,1615,15
3.705,-5.365,1599,15
3.71,-5.2805,1584,15
3.715,-5.1957,1569,24
3.72,-5.1106,1554,24
3.725,-5.0251,1539,24
3.73,-4.9394,1524,24
3.735,-4.8534,1509,24
3.74,-4.767,1494,24
3.745,-4.6804,1479,24
3.75,-4.5935,1464,28
3.755,-4.5062,1449,28
3.76,-4.4188,1434,28
3.765,-4.331,1419,28
3.77,-4.243,1404,15
3.775,-4.1547,1389,15
3.78,-4.0661,1374,15
3.785,-3.9773,1359,28
3.79,-3.8883,1345,28
3.795,-3.799,1330,28
3.8,-3.7095,1315,28
3.805,-3.6198,1300,31
3.81,-3.5298,1286,31
3.815,-3.4396,1271,31
3.82,-3.3492,1256,31
3.825,-3.2586,1242,24
3.83,-3.1678,1227,24
3.835,-3.0768,1212,24
3.84,-2.9856,1198,30
3.845,-2.8942,1183,30
3.85,-2.8027,1169,30
3.855,-2.711,1154,30
3.86,-2.6191,1140,28
3.865,-2.527,1125,28
3.87,-2.4348,1111,28
3.875,-2.3424,1097,28
3.88,-2.2499,1082,28
3.885,-2.1573,1068,28
3.89,-2.0645,1054,28
3.895,-1.9716,1040,28
3.9,-1.8786,1025,28
3.905,-1.7854,1011,28
3.91,-1.6922,997,24
3.915,-1.5988,983,24
3.92,-1.5054,969,24
3.925,-1.4118,955,24
3.93,-1.3182,941,24
3.935,-1.2245,927,24
3.94,-1.1307,913,24
3.945,-1.0368,900,15
3.95,-0.94289,886,15
3.955,-0.84891,872,15
3.96,-0.75487,859,15
3.965,-0.66079,845,24
3.97,-0.56666,831,24
3.975,-0.47251,818,24
3.98,-0.37832,805,15
3.985,-0.28411,791,15
3.99,-0.18988,778,15
3.995,-0.095641,764,15
4,-0.0013941,751,7
4.005,0.092847,738,7
4.01,0.18709,725,7
4.015,0.28132,712,7
4.02,0.37553,699,39
4.025,0.46972,686,39
4.03,0.56388,673,39
4.035,0.658,660,79
4.04,0.75209,647,79
4.045,0.84612,635,79
4.05,0.94011,622,79
4.055,1.034,610,127
4.06,1.1279,597,127
4.065,1.2217,585,127
4.07,1.3154,573,159
4.075,1.4091,561,159
4.08,1.5026,550,159
4.085,1.5961,538,159
4.09,1.6894,527,195
4.095,1.7827,516,195
4.1,1.8758,505,195
4.105,1.9689,494,207
4.11,2.0618,484,207
4.115,2.1545,473,207
4.12,2.2472,463,207
4.125,2.3397,453,224
4.13,2.4321,444,224
4.135,2.5243,435,224
4.14,2.6163,426,224
4.145,2.7082,417,224
4.15,2.8,409,224
4.155,2.8915,401,224
4.16,2.9829,393,227
4.165,3.0741,385,227
4.17,3.1651,378,227
4.175,3.2559,371,227
4.18,3.3465,365,271
4.185,3.4369,358,271
4.19,3.5271,353,271
4.195,3.6171,347,280
4.2,3.7069,342,280
4.205,3.7964,337,280
4.21,3.8857,333,280
4.215,3.9747,328,256
4.22,4.0635,325,256
4.225,4.1521,321,256
4.23,4.2404,318,271
4.235,4.3284,315,271
4.24,4.4162,313,271
4.245,4.5037,311,271
4.25,4.5909,309,256
4.255,4.6778,308,256
4.26,4.7645,307,256
4.265,4.8508,307,227
4.2701,4.9369,307,227
4.2751,5.0226,307,227
4.2801,5.1081,308,227
4.2851,5.1932,309,224
4.2901,5.278,310,224
4.2951,5.3625,312,224
4.3001,5.4466,314,256
4.3051,5.5304,317,256
4.3101,5.6139,319,256
4.3151,5.697,322,256
4.3201,5.7798,325,216
4.3251,5.8622,329,216
4.3301,5.9443,333,216
4.3351,6.0259,337,152
4.3401,6.1073,342,152
4.3451,6.1882,347,152
4.3501,6.2688,352,152
4.3551,6.3489,357,127
4.3601,6.4287,363,127
4.3651,6.5081,369,127
4.3701,6.5871,375,127
4.3751,6.6656,381,156
4.3801,6.7438,388,156
4.3851,6.8216,395,156
4.3901,6.8989,402,127
4.3951,6.9758,410,127
4.4001,7.0523,418,127
4.4051,7.1283,426,127
4.4101,7.2039,434,126
4.4151,7.279,442,126
4.4201,7.3537,451,126
4.4251,7.428,460,127
4.4301,7.5018,469,127
4.4351,7.5751,478,127
4.4401,7.648,488,127
4.4451,7.7204,497,120
4.4501,7.7923,507,120
4.4551,7.8637,517,120
4.4601,7.9347,528,92
4.4651,8.0051,538,92
4.4701,8.0751,549,92
4.4751,8.1445,559,92
4.4801,8.2135,570,96
4.4851,8.282,581,96
4.4901,8.3499,593,96
4.4951,8.4173,604,71
4.5001,8.4842,616,71
4.5051,8.5506,627,71
4.5101,8.6165,639,71
4.5151,8.6818,651,88
4.5201,8.7466,663,88
4.5251,8.8109,676,88
4.5301,8.8746,688,63
4.5351,8.9378,701,63
4.5401,9.0004,713,63
4.5451,9.0624,726,63
4.5501,9.1239,739,76
4.5551,9.1849,752,76
4.5601,9.2452,765,76
4.5651,9.305,778,76
4.5701,9.3642,791,48
4.5751,9.4229,805,48
4.5801,9.481,818,48
4.5851,9.5384,832,35
4.5901,9.5953,845,35
4.5951,9.6516,859,35
4.6001,9.7073,873,35
4.6051,9.7624,887,48
4.6101,9.8169,900,48
4.6151,9.8708,914,48
4.6201,9.9241,928,35
4.6251,9.9768,942,35
4.6301,10.029,957,35
4.6351,10.08,971,35
4.6401,10.131,985,48
4.6451,10.181,999,48
4.6501,10.231,1014,48
4.6551,10.28,1028,39
4.6601,10.328,1043,39
4.6651,10.376,1057,39
4.6701,10.423,1072,39
4.6751,10.469,1087,39
4.6801,10.515,1101,39
4.6851,10.56,1116,39
4.6901,10.604,1131,28
4.6951,10.648,1146,28
4.7001,10.691,1161,28
4.7051,10.734,1175,28
4.7101,10.776,1191,30
4.7151,10.817,1205,30
4.7201,10.857,1221,30
4.7251,10.897,1236,28
4.7301,10.936,1251,28
4.7351,10.975,1266,28
4.7401,11.012,1281,28
4.7451,11.05,1296,28
4.7501,11.086,1312,28
4.7551,11.122,1327,28
4.7601,11.157,1342,28
4.7651,11.191,1358,15
4.7701,11.225,1373,15
4.7751,11.258,1388,15
4.7801,11.29,1404,24
4.7851,11.322,1419,24
4.7901,11.353,1435,24
4.7951,11.383,1451,24
4.8001,11.412,1466,14
4.8051,11.441,1482,14
4.8101,11.469,1497,14
4.8151,11.496,1513,19
4.8201,11.523,1529,19
4.8251,11.549,1544,19
4.8301,11.574,1560,19
4.8351,11.599,1576,15
4.8401,11.623,1591,15
4.8451,11.646,1607,15
4.8501,11.668,1623,24
4.8551,11.69,1639,24
4.8601,11.711,1655,24
4.8651,11.731,1670,24
4.8701,11.75,1686,24
4.8751,11.769,1702,24
4.8801,11.787,1718,24
4.8851,11.804,1734,15
4.8901,11.821,1750,15
4.8951,11.837,1766,15
4.9001,11.852,1782,15
4.9051,11.866,1798,31
4.9101,11.88,1814,31
4.9151,11.893,1830,31
4.9201,11.905,1846,15
4.9251,11.917,1862,15
4.9301,11.927,1878,15
4.9351,11.937,1894,15
4.9401,11.947,1910,15
4.9451,11.955,1926,15
4.9501,11.963,1942,15
4.9551,11.97,1958,15
4.9601,11.976,1974,14
4.9651,11.982,1990,14
4.9701,11.987,2006,14
4.9751,11.991,2023,15
4.9801,11.994,2039,15
4.9851,11.997,2055,15
4.9901,11.998,2071,15
4.9951,12,2087,15
5.0001,12,2103,15
5.0051,12,2120,15
5.0101,11.999,2136,12
5.0151,11.997,2152,12
5.0201,11.994,2168,12
5.0251,11.991,2184,12
5.0301,11.987,2201,12
5.0351,11.982,2217,12
5.0401,11.976,2233,12
5.0451,11.97,2249,15
5.0501,11.963,2265,15
5.0551,11.955,2282,15
5.0601,11.947,2298,15
5.0651,11.938,2314,15
5.0701,11.928,2330,15
5.0751,11.917,2347,15
5.0801,11.906,2363,15
5.0851,11.893,2379,15
5.0901,11.88,2395,15
5.0951,11.867,2412,15
5.1001,11.852,2428,15
5.1051,11.837,2444,15
5.1101,11.822,2460,15
5.1151,11.805,2477,12
5.1201,11.788,2493,12
5.1251,11.77,2509,12
5.1301,11.751,2525,12
5.1351,11.732,2541,15
5.1401,11.711,2558,15
5.1451,11.69,2574,15
5.1501,11.669,2590,15
5.1551,11.646,2607,7
5.1601,11.623,2623,7
5.1651,11.6,2639,7
5.1701,11.575,2655,14
5.1751,11.55,2672,14
5.1801,11.524,2688,14
5.1851,11.497,2704,14
5.1901,11.47,2720,12
5.1951,11.442,2737,12
5.2001,11.413,2753,12
5.2051,11.384,2769,15
5.2101,11.354,2785,15
5.2151,11.323,2802,15
5.2201,11.291,2818,15
5.2251,11.259,2834,24
5.2301,11.226,2851,24
5.2351,11.192,2867,24
5.2401,11.158,2883,14
5.2451,11.123,2899,14
5.2501,11.087,2915,14
5.2551,11.051,2932,14
5.2601,11.014,2948,15
5.2651,10.976,2964,15
5.2701,10.937,2980,15
5.2751,10.898,2997,15
5.2801,10.859,3013,15
5.2851,10.818,3029,15
5.2901,10.777,3045,15
5.2951,10.735,3061,15
5.3001,10.693,3078,15
5.3051,10.65,3094,15
5.3101,10.606,3110,14
5.3151,10.561,3126,14
5.3201,10.516,3143,14
5.3251,10.471,3159,14
5.3301,10.424,3175,15
5.3351,10.377,3191,15
5.3401,10.33,3207,15
5.3451,10.281,3224,15
5.3501,10.232,3240,15
5.3551,10.183,3256,15
5.3601,10.133,3272,15
5.3651,10.082,3288,15
5.3701,10.031,3305,15
5.3751,9.9785,3321,15
5.3801,9.9259,3337,15
5.3851,9.8726,3353,7
5.3901,9.8187,3369,7
5.3951,9.7642,3385,7
5.4001,9.7091,3401,15
5.4051,9.6534,3418,15
5.4101,9.5972,3434,15
5.4151,9.5403,3450,15
5.4201,9.4828,3466,15
5.4251,9.4248,3482,15
5.4301,9.3661,3498,15
5.4351,9.3069,3514,15
5.4401,9.2472,3531,15
5.4451,9.1868,3547,15
5.4501,9.1259,3563,15
5.4551,9.0644,3579,15
5.4601,9.0024,3595,15
5.4651,8.9398,3611,15
5.4701,8.8766,3627,14
5.4751,8.8129,3643,14
5.4801,8.7487,3659,14
5.4851,8.6839,3675,14
5.4901,8.6186,3691,15
5.4951,8.5528,3707,15
5.5001,8.4864,3723,15
5.5051,8.4195,3739,15
5.5101,8.3521,3755,15
5.5151,8.2842,3771,15
5.5201,8.2157,3787,15
5.5251,8.1468,3803,15
5.5301,8.0773,3819,15
5.5351,8.0074,3835,15
5.5401,7.9369,3851,15
5.5451,7.866,3867,15
5.5501,7.7946,3883,15
5.5551,7.7227,3899,15
5.5601,7.6503,3915,15
5.5651,7.5775,3931,15
5.5701,7.5042,3947,15
5.5751,7.4304,3962,15
5.5801,7.3561,3978,19
5.5851,7.2815,3994,19
5.5901,7.2063,4010,19
5.5951,7.1307,4026,15
5.6001,7.0547,4042,15
5.6051,6.9783,4057,15
5.6101,6.9014,4073,15
5.6151,6.8241,4089,15
5.6201,6.7463,4105,15
5.6251,6.6682,4121,15
5.6301,6.5896,4137,15
5.6351,6.5106,4152,15
5.6401,6.4313,4168,15
5.6451,6.3515,4184,15
5.6501,6.2714,4199,15
5.6551,6.1908,4215,15
5.6601,6.1099,4231,15
5.6651,6.0286,4247,15
5.6701,5.9469,4262,15
5.6751,5.8649,4278,15
5.6801,5.7824,4293,15
5.6851,5.6997,4309,24
5.6901,5.6166,4325,24
5.6951,5.5331,4340,24
5.7001,5.4493,4356,19
5.7051,5.3652,4371,19
5.7101,5.2807,4387,19
5.7151,5.1959,4402,19
5.7201,5.1108,4418,24
5.7251,5.0254,4433,24
5.7301,4.9396,4449,24
5.7351,4.8536,4464,24
5.7401,4.7673,4479,15
5.7451,4.6806,4495,15
5.7501,4.5937,4510,15
5.7551,4.5065,4525,24
5.7601,4.419,4541,24
5.7651,4.3312,4556,24
5.7701,4.2432,4571,24
5.7751,4.1549,4587,24
5.7801,4.0664,4602,24
5.7851,3.9776,4617,24
5.7901,3.8885,4632,24
5.7951,3.7993,4647,24
5.8001,3.7098,4663,24
5.8051,3.62,4678,24
5.8101,3.53,4693,15
5.8151,3.4398,4708,15
5.8201,3.3495,4723,15
5.8251,3.2588,4738,28
5.8301,3.168,4753,28
5.8351,3.077,4767,28
5.8401,2.9859,4782,28
5.8451,2.8945,4797,28
5.8501,2.8029,4812,28
5.8551,2.7112,4827,28
5.8601,2.6193,4842,24
5.8651,2.5273,4857,24
5.8701,2.435,4871,24
5.8751,2.3427,4886,24
5.8801,2.2502,4901,24
5.8851,2.1575,4915,24
5.8901,2.0648,4930,24
5.8951,1.9719,4944,24
5.9001,1.8788,4959,24
5.9051,1.7857,4973,24
5.9101,1.6924,4987,24
5.9151,1.5991,5002,15
5.9201,1.5056,5016,15
5.9251,1.4121,5030,15
5.9301,1.3184,5045,15
5.9351,1.2247,5059,15
5.9401,1.1309,5073,15
5.9451,1.0371,5087,15
5.9501,0.94314,5101,24
5.9551,0.84916,5115,24
5.9601,0.75512,5129,24
5.9651,0.66104,5143,24
5.9701,0.56692,5157,14
5.9751,0.47276,5171,14
5.9801,0.37858,5185,14
5.9851,0.28436,5198,14
5.9901,0.19014,5212,14
5.9951,0.095889,5225,14
6.0001,0.0016477,5239,14
6.0051,-0.092605,5253,1
6.0101,-0.18684,5266,1
6.0151,-0.28106,5279,1
6.0201,-0.37528,5293,39
6.0251,-0.46947,5306,39
6.0301,-0.56363,5319,39
6.0351,-0.65775,5332,39
6.0401,-0.75184,5345,97
6.0451,-0.84587,5358,97
6.0501,-0.93987,5371,97
6.0551,-1.0338,5384,143
6.0601,-1.1276,5397,143
6.0651,-1.2214,5409,143
6.0701,-1.3152,5421,143
6.0751,-1.4088,5433,172
6.0801,-1.5024,5445,172
6.0851,-1.5958,5457,172
6.0901,-1.6892,5469,199
6.0951,-1.7824,5480,199
6.1001,-1.8756,5491,199
6.1051,-1.9686,5502,199
6.1101,-2.0615,5513,224
6.1151,-2.1543,5523,224
6.1201,-2.2469,5533,224
6.1251,-2.3395,5543,224
6.1301,-2.4318,5553,256
6.1351,-2.524,5563,256
6.1401,-2.6161,5572,256
6.1451,-2.708,5581,257
6.1501,-2.7997,5590,257
6.1551,-2.8913,5598,257
6.1601,-2.9827,5606,257
6.1651,-3.0739,5614,259
6.1701,-3.1649,5622,259
6.1751,-3.2557,5629,259
6.1801,-3.3463,5636,256
6.1851,-3.4367,5643,256
6.1901,-3.5269,5649,256
6.1951,-3.6169,5655,256
6.2001,-3.7066,5660,263
6.2051,-3.7961,5665,263
6.2101,-3.8854,5670,263
6.2151,-3.9745,5675,257
6.2201,-4.0633,5679,257
6.2251,-4.1518,5683,257
6.2301,-4.2401,5686,257
6.2351,-4.3282,5689,271
6.2401,-4.4159,5691,271
6.2451,-4.5034,5693,271
6.2501,-4.5906,5695,257
6.2551,-4.6776,5697,257
6.2601,-4.7642,5698,257
6.2651,-4.8506,5698,257
6.2701,-4.9366,5698,256
6.2751,-5.0224,5698,256
6.2801,-5.1078,5697,256
6.2851,-5.193,5697,256
6.2901,-5.2778,5695,268
6.2951,-5.3622,5694,268
6.3001,-5.4464,5692,268
6.3051,-5.5302,5690,207
6.3101,-5.6137,5687,207
6.3151,-5.6968,5684,207
6.3201,-5.7796,5681,207
6.3251,-5.862,5677,192
6.3301,-5.944,5674,192
6.3351,-6.0257,5669,192
6.3401,-6.107,5665,174
6.3451,-6.188,5660,174
6.3501,-6.2685,5655,174
6.3551,-6.3487,5650,174
6.3601,-6.4285,5645,193
6.3651,-6.5079,5639,193
6.3701,-6.5869,5632,193
6.3751,-6.6654,5626,159
6.3801,-6.7436,5619,159
6.3851,-6.8213,5612,159
6.3901,-6.8987,5605,159
6.3951,-6.9756,5597,143
6.4001,-7.0521,5590,143
6.4051,-7.1281,5582,143
6.4101,-7.2037,5573,99
6.4151,-7.2788,5565,99
6.4201,-7.3535,5556,99
6.4251,-7.4278,5547,99
6.4301,-7.5016,5538,103
6.4351,-7.5749,5529,103
6.4401,-7.6478,5519,103
6.4451,-7.7202,5510,108
6.4501,-7.7921,5500,108
6.4551,-7.8635,5490,108
6.4601,-7.9345,5479,108
6.4651,-8.0049,5469,96
6.4701,-8.0749,5458,96
6.4751,-8.1444,5447,96
6.4801,-8.2133,5436,96
6.4851,-8.2818,5425,96
6.4901,-8.3497,5414,96
6.4951,-8.4172,5402,96
6.5001,-8.4841,5391,63
6.5051,-8.5505,5379,63
6.5101,-8.6163,5367,63
6.5151,-8.6817,5355,63
6.5201,-8.7465,5343,63
6.5251,-8.8107,5330,63
6.5301,-8.8744,5318,63
6.5351,-8.9376,5305,60
6.5401,-9.0002,5293,60
6.5451,-9.0623,5280,60
6.5501,-9.1238,5267,60
6.5551,-9.1847,5254,48
6.5601,-9.2451,5241,48
6.5651,-9.3049,5227,48
6.5701,-9.3641,5214,56
6.5751,-9.4227,5201,56
6.5801,-9.4808,5187,56
6.5851,-9.5383,5173,56
6.5901,-9.5952,5160,44
6.5951,-9.6515,5146,44
6.6001,-9.7072,5132,44
6.6051,-9.7623,5118,39
6.6101,-9.8168,5104,39
6.6151,-9.8707,5090,39
6.6201,-9.924,5076,39
6.6251,-9.9767,5061,39
6.6301,-10.029,5047,39
6.6351,-10.08,5033,39
6.6401,-10.131,5018,31
6.6451,-10.181,5004,31
6.6501,-10.231,4989,31
6.6551,-10.28,4975,31
6.6601,-10.328,4960,28
6.6651,-10.376,4945,28
6.6701,-10.423,4931,28
6.6751,-10.469,4916,28
6.6801,-10.515,4901,31
6.6851,-10.56,4886,31
6.6901,-10.604,4871,31
6.6951,-10.648,4856,28
6.7001,-10.691,4841,28
6.7051,-10.734,4826,28
6.7101,-10.776,4811,28
6.7151,-10.817,4796,30
6.7201,-10.857,4781,30
6.7251,-10.897,4766,30
6.7301,-10.936,4751,15
6.7351,-10.975,4736,15
6.7401,-11.012,4720,15
6.7451,-11.049,4705,15
6.7501,-11.086,4690,15
6.7551,-11.122,4674,15
6.7601,-11.157,4659,15
6.7651,-11.191,4644,0
6.7701,-11.225,4628,0
6.7751,-11.258,4613,0
6.7801,-11.29,4597,0
6.7851,-11.322,4582,24
6.7901,-11.352,4567,24
6.7951,-11.383,4551,24
6.8001,-11.412,4535,24
6.8051,-11.441,4520,24
6.8101,-11.469,4505,24
6.8151,-11.496,4489,24
6.8201,-11.523,4473,24
6.8251,-11.549,4458,24
6.8301,-11.574,4442,24
6.8351,-11.599,4427,15
6.8401,-11.623,4411,15
6.8451,-11.646,4395,15
6.8501,-11.668,4380,15
6.8551,-11.69,4364,1
6.8601,-11.711,4349,1
6.8651,-11.731,4333,1
6.8701,-11.75,4317,1
6.8751,-11.769,4301,7
6.8801,-11.787,4286,7
6.8851,-11.804,4270,7
6.8901,-11.821,4255,7
6.8951,-11.837,4239,7
6.9001,-11.852,4223,7
6.9051,-11.866,4207,7
6.9101,-11.88,4192,12
6.9151,-11.893,4176,12
6.9201,-11.905,4160,12
6.9251,-11.917,4145,7
6.9301,-11.927,4129,7
6.9351,-11.937,4113,7
6.9401,-11.947,4097,7
6.9451,-11.955,4082,24
6.9501,-11.963,4066,24
6.9551,-11.97,4050,24
6.9601,-11.976,4034,15
6.9651,-11.982,4019,15
6.9701,-11.987,4003,15
6.9751,-11.991,3987,15
6.9801,-11.994,3971,15
6.9851,-11.997,3955,15
6.9901,-11.998,3940,15
6.9951,-12,3924,15
7.0001,-12,3908,15
7.0051,-12,3892,15
7.0101,-11.999,3877,15
7.0151,-11.997,3861,15
7.0201,-11.994,3845,15
7.0251,-11.991,3829,15
7.0301,-11.987,3813,7
7.0351,-11.982,3798,7
7.0401,-11.976,3782,7
7.0451,-11.97,3766,7
7.0501,-11.963,3750,15
7.0551,-11.955,3735,15
7.0601,-11.947,3719,15
7.0651,-11.938,3703,15
7.0701,-11.928,3687,15
7.0751,-11.917,3671,15
7.0801,-11.906,3655,15
7.0851,-11.893,3640,0
7.0901,-11.881,3624,0
7.0951,-11.867,3608,0
7.1001,-11.853,3592,0
7.1051,-11.837,3576,7
7.1101,-11.822,3561,7
7.1151,-11.805,3545,7
7.1201,-11.788,3529,7
7.1251,-11.77,3513,7
7.1301,-11.751,3497,7
7.1351,-11.732,3482,7
7.1401,-11.711,3466,15
7.1451,-11.69,3450,15
7.1501,-11.669,3434,15
7.1551,-11.647,3419,15
7.1601,-11.623,3403,15
7.1651,-11.6,3387,15
7.1701,-11.575,3371,15
7.1751,-11.55,3355,15
7.1801,-11.524,3339,15
7.1851,-11.497,3324,15
7.1901,-11.47,3308,15
7.1951,-11.442,3292,15
7.2001,-11.413,3276,15
7.2051,-11.384,3261,15
7.2101,-11.354,3245,12
7.2151,-11.323,3229,12
7.2201,-11.291,3213,12
7.2251,-11.259,3197,14
7.2301,-11.226,3182,14
7.2351,-11.192,3166,14
7.2401,-11.158,3150,14
7.2451,-11.123,3134,15
7.2501,-11.087,3119,15
7.2551,-11.051,3103,15
7.2601,-11.014,3087,15
7.2651,-10.976,3071,15
7.2701,-10.938,3055,15
7.2751,-10.898,3040,15
7.2801,-10.859,3024,-1
7.2851,-10.818,3008,-1
7.2901,-10.777,2992,-1
7.2951,-10.735,2977,-1
7.3001,-10.693,2961,7
7.3051,-10.65,2945,7
7.3101,-10.606,2929,7
7.3151,-10.562,2914,7
7.3201,-10.517,2898,7
7.3251,-10.471,2882,7
7.3301,-10.424,2866,7
7.3351,-10.377,2851,15
7.3401,-10.33,2835,15
7.3451,-10.282,2819,15
7.3501,-10.233,2803,14
7.3551,-10.183,2788,14
7.3601,-10.133,2772,14
7.3651,-10.082,2756,14
7.3701,-10.031,2741,15
7.3751,-9.9786,2725,15
7.3801,-9.926,2709,15
7.3851,-9.8727,2693,15
7.3901,-9.8188,2678,15
7.3951,-9.7644,2662,15
7.4001,-9.7093,2646,15
7.4051,-9.6536,2631,15
7.4101,-9.5973,2615,15
7.4151,-9.5404,2599,15
7.4201,-9.483,2584,15
7.4251,-9.4249,2568,15
7.4301,-9.3663,2552,15
7.4351,-9.3071,2537,15
7.4401,-9.2473,2521,15
7.4451,-9.187,2505,15
7.4501,-9.1261,2490,15
7.4551,-9.0646,2474,15
7.4601,-9.0025,2458,15
7.4651,-8.9399,2443,15
7.4701,-8.8768,2427,15
7.4751,-8.8131,2411,15
7.4801,-8.7489,2396,15
7.4851,-8.6841,2380,15
7.4901,-8.6188,2365,15
7.4951,-8.5529,2349,15
7.5001,-8.4866,2333,15
7.5051,-8.4197,2318,15
7.5101,-8.3523,2302,24
7.5151,-8.2843,2287,24
7.5201,-8.2159,2271,24
7.5251,-8.147,2256,24
7.5301,-8.0775,2240,15
7.5351,-8.0076,2225,15
7.5401,-7.9371,2209,15
7.5451,-7.8662,2193,24
7.5501,-7.7948,2178,24
7.5551,-7.7229,2163,24
7.5601,-7.6505,2147,24
7.5651,-7.5777,2131,24
7.5701,-7.5043,2116,24
7.5751,-7.4306,2101,24
7.5801,-7.3563,2085,24
7.5851,-7.2817,2070,24
7.5901,-7.2065,2054,24
7.5951,-7.1309,2039,24
7.6001,-7.0549,2023,24
7.6051,-6.9785,2008,24
7.6101,-6.9016,1992,24
7.6151,-6.8243,1977,24
7.6201,-6.7465,1961,24
7.6251,-6.6684,1946,24
7.6301,-6.5898,1931,24
7.6351,-6.5108,1915,24
7.6401,-6.4315,1900,24
7.6451,-6.3517,1885,24
7.6501,-6.2716,1869,24
7.6551,-6.191,1854,15
7.6601,-6.1101,1839,15
7.6651,-6.0288,1823,15
7.6701,-5.9471,1808,28
7.6751,-5.8651,1793,28
7.6801,-5.7827,1777,28
7.6851,-5.6999,1762,28
7.6901,-5.6168,1747,24
7.6951,-5.5333,1731,24
7.7001,-5.4495,1716,24
7.7051,-5.3654,1701,28
7.7101,-5.2809,1686,28
7.7151,-5.1961,1671,28
7.7201,-5.111,1656,28
7.7251,-5.0256,1641,31
7.7301,-4.9399,1625,31
7.7351,-4.8538,1610,31
7.7401,-4.7675,1595,24
7.7451,-4.6809,1580,24
7.7501,-4.5939,1565,24
7.7551,-4.5067,1550,24
7.7601,-4.4192,1535,15
7.7651,-4.3315,1520,15
7.7701,-4.2434,1505,15
7.7751,-4.1552,1490,28
7.7801,-4.0666,1475,28
7.7851,-3.9778,1460,28
7.7901,-3.8888,1445,28
7.7951,-3.7995,1430,24
7.8001,-3.71,1415,24
7.8051,-3.6202,1400,24
7.8101,-3.5303,1386,24
7.8151,-3.4401,1371,24
7.8201,-3.3497,1356,24
7.8251,-3.2591,1341,24
7.8301,-3.1683,1327,28
7.8351,-3.0773,1312,28
7.8401,-2.9861,1297,28
7.8451,-2.8947,1283,28
7.8501,-2.8032,1268,12
7.8551,-2.7114,1253,12
7.8601,-2.6195,1239,12
7.8651,-2.5275,1224,15
7.8701,-2.4353,1210,15
7.8751,-2.3429,1196,15
7.8801,-2.2504,1181,15
7.8851,-2.1578,1167,24
7.8901,-2.065,1153,24
7.8951,-1.9721,1138,24
7.9001,-1.8791,1124,30
7.9051,-1.7859,1110,30
7.9101,-1.6927,1095,30
7.9151,-1.5993,1081,30
7.9201,-1.5059,1067,24
7.9251,-1.4123,1053,24
7.9301,-1.3187,1039,24
7.9351,-1.225,1025,28
7.9401,-1.1312,1011,28
7.9451,-1.0373,997,28
7.9501,-0.94339,983,28
7.9551,-0.84941,970,15
7.9601,-0.75537,956,15
7.9651,-0.66129,942,15
7.9701,-0.56717,929,24
7.9751,-0.47301,915,24
7.9801,-0.37882,901,24
7.9851,-0.28461,888,24
7.9901,-0.19038,875,14
7.9951,-0.096137,861,14
8.0001,-0.0018955,848,14
8.0051,0.092346,834,-1
8.0101,0.18659,821,-1
8.0151,0.28082,808,-1
8.0201,0.37503,795,-1
8.0251,0.46922,782,56
8.0301,0.56338,769,56
8.0351,0.6575,756,56
8.0401,0.75159,743,56
8.0451,0.84563,730,108
8.0501,0.93961,717,108
8.0551,1.0335,705,108
8.0601,1.1274,693,143
8.0651,1.2212,680,143
8.0701,1.3149,668,143
8.0751,1.4086,656,143
8.0801,1.5021,645,184
8.0851,1.5956,633,184
8.0901,1.6889,621,184
8.0951,1.7822,610,206
8.1001,1.8753,599,206
8.1051,1.9684,589,206
8.1101,2.0613,578,206
8.1151,2.154,567,224
8.1201,2.2467,557,224
8.1251,2.3392,547,224
8.1301,2.4316,538,256
8.1351,2.5238,528,256
8.1401,2.6158,519,256
8.1451,2.7078,510,256
8.1501,2.7995,502,216
8.1551,2.891,493,216
8.1601,2.9824,485,216
8.1651,3.0736,477,271
8.1701,3.1646,470,271
8.1751,3.2554,463,271
8.1801,3.3461,457,271
8.1851,3.4365,450,263
8.1901,3.5267,444,263
8.1951,3.6166,438,263
8.2001,3.7064,433,263
8.2051,3.7959,428,286
8.2101,3.8852,423,286
8.2151,3.9742,419,286
8.2201,4.0631,415,256
8.2251,4.1516,411,256
8.2301,4.2399,408,256
8.2351,4.3279,405,256
8.2401,4.4157,402,284
8.2451,4.5032,400,284
8.2501,4.5904,398,284
8.2551,4.6774,397,268
8.2601,4.764,396,268
8.2651,4.8504,395,268
8.2701,4.9364,395,268
8.2751,5.0222,395,225
8.2801,5.1076,396,225
8.2851,5.1927,397,225
8.2901,5.2775,398,216
8.2951,5.362,400,216
8.3001,5.4462,402,216
8.3051,5.53,404,216
8.3101,5.6134,407,224
8.3151,5.6966,409,224
8.3201,5.7793,413,224
8.3251,5.8618,416,207
8.3301,5.9438,420,207
8.3351,6.0255,424,207
8.3401,6.1068,429,207
8.3451,6.1878,433,193
8.3501,6.2683,438,193
8.3551,6.3485,444,193
8.3601,6.4283,449,172
8.3651,6.5077,455,172
8.3701,6.5867,461,172
8.3751,6.6652,468,172
8.3801,6.7434,474,152
8.3851,6.8211,481,152
8.3901,6.8985,488,152
8.3951,6.9754,496,152
8.4001,7.0518,503,127
8.4051,7.1279,511,127
8.4101,7.2035,519,127
8.4151,7.2786,528,108
8.4201,7.3533,536,108
8.4251,7.4276,545,108
8.4301,7.5014,554,108
8.4351,7.5747,563,124
8.4401,7.6476,573,124
8.4451,7.72,582,124
8.4501,7.7919,592,120
8.4551,7.8633,602,120
8.4601,7.9343,612,120
8.4651,8.0047,623,120
8.4701,8.0747,633,92
8.4751,8.1442,644,92
8.4801,8.2131,655,92
8.4851,8.2816,666,78
8.4901,8.3495,677,78
8.4951,8.417,688,78
8.5001,8.4839,700,78
8.5051,8.5503,711,63
8.5101,8.6162,723,63
8.5151,8.6815,735,63
8.5201,8.7463,747,63
8.5251,8.8105,759,63
8.5301,8.8743,772,63
8.5351,8.9374,784,63
8.5401,9,797,56
8.5451,9.0621,809,56
8.5501,9.1236,822,56
8.5551,9.1845,835,62
8.5601,9.2449,848,62
8.5651,9.3047,861,62
8.5701,9.3639,874,62
8.5751,9.4226,888,48
8.5801,9.4807,901,48
8.5851,9.5381,915,48
8.5901,9.595,928,48
8.5951,9.6513,942,48
8.6001,9.707,955,48
8.6051,9.7622,969,48
8.6101,9.8167,983,44
8.6151,9.8706,997,44
8.6201,9.9239,1011,44
8.6251,9.9765,1025,44
8.6301,10.029,1039,39
8.6351,10.08,1053,39
8.6402,10.131,1068,39
8.6452,10.181,1082,31
8.6502,10.231,1096,31
8.6552,10.28,1111,31
8.6602,10.328,1125,31
8.6652,10.376,1140,48
8.6702,10.423,1154,48
8.6752,10.469,1169,48
8.6802,10.515,1183,31
8.6852,10.56,1198,31
8.6902,10.604,1213,31
8.6952,10.648,1228,31
8.7002,10.691,1243,24
8.7052,10.734,1257,24
8.7102,10.775,1272,24
8.7152,10.817,1287,31
8.7202,10.857,1302,31
8.7252,10.897,1317,31
8.7302,10.936,1332,31
8.7352,10.974,1347,15
8.7402,11.012,1363,15
8.7452,11.049,1378,15
8.7502,11.086,1393,35
8.7552,11.122,1408,35
8.7602,11.157,1423,35
8.7652,11.191,1439,35
8.7702,11.225,1454,28
8.7752,11.258,1469,28
8.7802,11.29,1485,28
8.7852,11.321,1500,28
8.7902,11.352,1516,24
8.7952,11.383,1531,24
8.8002,11.412,1547,24
8.8052,11.441,1562,24
8.8102,11.469,1578,24
8.8152,11.496,1593,24
8.8202,11.523,1609,24
8.8252,11.549,1625,24
8.8302,11.574,1640,24
8.8352,11.599,1656,24
8.8402,11.622,1672,24
8.8452,11.646,1687,24
8.8502,11.668,1703,24
8.8552,11.69,1719,24
8.8602,11.711,1735,24
8.8652,11.731,1751,24
8.8702,11.75,1766,24
8.8752,11.769,1782,15
8.8802,11.787,1798,15
8.8852,11.804,1814,15
8.8902,11.821,1830,15
8.8952,11.837,1846,15
8.9002,11.852,1861,15
8.9052,11.866,1877,15
8.9102,11.88,1893,15
8.9152,11.893,1909,15
8.9202,11.905,1925,15
8.9252,11.917,1941,15
8.9302,11.927,1957,14
8.9352,11.937,1973,14
8.9402,11.947,1989,14
8.9452,11.955,2005,15
8.9502,11.963,2021,15
8.9552,11.97,2037,15
8.9602,11.976,2053,15
8.9652,11.982,2069,15
8.9702,11.987,2086,15
8.9752,11.991,2102,15
8.9802,11.994,2118,15
8.9852,11.997,2134,15
8.9902,11.998,2150,15
8.9952,12,2166,15
9.0002,12,2182,14
9.0052,12,2198,14
9.0102,11.999,2215,14
9.0152,11.997,2231,14
9.0202,11.994,2247,7
9.0252,11.991,2263,7
9.0302,11.987,2279,7
9.0352,11.982,2295,12
9.0402,11.976,2311,12
9.0452,11.97,2327,12
9.0502,11.963,2344,12
9.0552,11.955,2360,15
9.0602,11.947,2376,15
9.0652,11.938,2392,15
9.0702,11.928,2408,15
9.0752,11.917,2425,15
9.0802,11.906,2441,15
9.0852,11.893,2457,15
9.0902,11.881,2473,15
9.0952,11.867,2489,15
9.1002,11.853,2505,15
9.1052,11.837,2522,7
9.1102,11.822,2538,7
9.1152,11.805,2554,7
9.1202,11.788,2570,7
9.1252,11.77,2587,15
9.1302,11.751,2603,15
9.1352,11.732,2619,15
9.1402,11.711,2635,15
9.1452,11.691,2651,15
9.1502,11.669,2667,15
9.1552,11.647,2684,15
9.1602,11.624,2700,12
9.1652,11.6,2716,12
9.1702,11.575,2732,12
9.1752,11.55,2749,12
9.1802,11.524,2765,15
9.1852,11.497,2781,15
9.1902,11.47,2797,15
9.1952,11.442,2813,15
9.2002,11.413,2830,15
9.2052,11.384,2846,15
9.2102,11.354,2862,15
9.2152,11.323,2878,15
9.2202,11.291,2895,15
9.2252,11.259,2911,15
9.2302,11.226,2927,7
9.2352,11.192,2943,7
9.2402,11.158,2959,7
9.2452,11.123,2975,7
9.2502,11.087,2992,0
9.2552,11.051,3008,0
9.2602,11.014,3024,0
9.2652,10.976,3040,14
9.2702,10.938,3056,14
9.2752,10.899,3073,14
9.2802,10.859,3089,14
9.2852,10.818,3105,15
9.2902,10.777,3121,15
9.2952,10.735,3137,15
9.3002,10.693,3153,15
9.3052,10.65,3169,15
9.3102,10.606,3186,15
9.3152,10.562,3202,15
9.3202,10.517,3218,14
9.3252,10.471,3234,14
9.3302,10.425,3250,14
9.3352,10.378,3267,15
9.3402,10.33,3283,15
9.3452,10.282,3299,15
9.3502,10.233,3315,15
9.3552,10.183,3331,14
9.3602,10.133,3347,14
9.3652,10.082,3363,14
9.3702,10.031,3379,14
9.3752,9.9788,3396,15
9.3802,9.9261,3412,15
9.3852,9.8729,3428,15
9.3902,9.819,3444,24
9.3952,9.7645,3460,24
9.4002,9.7094,3476,24
9.4052,9.6537,3492,24
9.4102,9.5975,3509,14
9.4152,9.5406,3525,14
9.4202,9.4831,3541,14
9.4252,9.4251,3557,15
9.4302,9.3665,3573,15
9.4352,9.3073,3589,15
9.4402,9.2475,3605,15
9.4452,9.1871,3621,15
9.4502,9.1262,3637,15
9.4552,9.0647,3653,15
9.4602,9.0027,3669,19
9.4652,8.9401,3685,19
9.4702,8.877,3701,19
9.4752,8.8133,3717,19
9.4802,8.749,3733,15
9.4852,8.6843,3749,15
9.4902,8.619,3765,15
9.4952,8.5531,3781,7
9.5002,8.4868,3797,7
9.5052,8.4199,3813,7
9.5102,8.3524,3829,7
9.5152,8.2845,3845,15
9.5202,8.2161,3861,15
9.5252,8.1471,3877,15
9.5302,8.0777,3893,15
9.5352,8.0077,3909,15
9.5402,7.9373,3925,15
9.5452,7.8664,3941,15
9.5502,7.795,3957,15
9.5552,7.7231,3973,15
9.5602,7.6507,3989,15
9.5652,7.5779,4005,15
9.5702,7.5045,4021,15
9.5752,7.4308,4037,15
9.5802,7.3565,4053,15
9.5852,7.2819,4068,24
9.5902,7.2067,4084,24
9.5952,7.1311,4100,24
9.6002,7.0551,4116,24
9.6052,6.9787,4132,15
9.6102,6.9018,4147,15
9.6152,6.8245,4163,15
9.6202,6.7467,4179,24
9.6252,6.6686,4195,24
9.6302,6.59,4211,24
9.6352,6.5111,4226,24
9.6402,6.4317,4242,31
9.6452,6.3519,4258,31
9.6502,6.2718,4273,31
9.6552,6.1912,4289,15
9.6602,6.1103,4305,15
9.6652,6.029,4321,15
9.6702,5.9473,4336,15
9.6752,5.8653,4352,15
9.6802,5.7829,4367,15
9.6852,5.7001,4383,15
9.6902,5.617,4399,15
9.6952,5.5336,4414,15
9.7002,5.4498,4430,15
9.7052,5.3656,4445,15
9.7102,5.2812,4461,15
9.7152,5.1964,4476,15
9.7202,5.1113,4492,15
9.7252,5.0258,4507,15
9.7302,4.9401,4523,15
9.7352,4.854,4538,15
9.7402,4.7677,4554,15
9.7452,4.6811,4569,15
9.7502,4.5942,4584,15
9.7552,4.5069,4600,15
9.7602,4.4195,4615,15
9.7652,4.3317,4631,15
9.7702,4.2437,4646,15
9.7752,4.1554,4661,15
9.7802,4.0669,4676,24
9.7852,3.9781,4691,24
9.7902,3.889,4707,24
9.7952,3.7997,4722,24
9.8002,3.7102,4737,28
9.8052,3.6205,4752,28
9.8102,3.5305,4767,28
9.8152,3.4403,4782,24
9.8202,3.3499,4797,24
9.8252,3.2593,4812,24
9.8302,3.1685,4827,24
9.8352,3.0775,4842,28
9.8402,2.9863,4857,28
9.8452,2.895,4872,28
9.8502,2.8034,4887,15
9.8552,2.7117,4902,15
9.8602,2.6198,4917,15
9.8652,2.5277,4931,15
9.8702,2.4355,4946,24
9.8752,2.3432,4961,24
9.8802,2.2507,4975,24
9.8852,2.158,4990,24
9.8902,2.0653,5005,24
9.8952,1.9723,5019,24
9.9002,1.8793,5034,24
9.9052,1.7862,5048,24
9.9102,1.6929,5063,24
9.9152,1.5996,5077,24
9.9202,1.5061,5091,24
9.9252,1.4126,5105,24
9.9302,1.3189,5120,24
9.9352,1.2252,5134,24
9.9402,1.1314,5148,15
9.9452,1.0376,5162,15
9.9502,0.94363,5176,15
9.9552,0.84966,5191,15
9.9602,0.75563,5205,15
9.9652,0.66154,5218,15
9.9702,0.56742,5232,15
9.9752,0.47325,5246,14
9.9802,0.37907,5260,14
9.9852,0.28485,5274,14
9.9902,0.19063,5287,14
9.9952,0.096384,5301,7
10,0.0021434,5315,7
10.005,-0.092098,5328,7
10.01,-0.18634,5342,0
10.015,-0.28057,5355,0
10.02,-0.37479,5369,0
10.025,-0.46897,5382,0
10.03,-0.56314,5395,63
10.035,-0.65726,5408,63
10.04,-0.75134,5421,63
10.045,-0.84538,5434,103
10.05,-0.93936,5447,103
10.055,-1.0333,5460,103
10.06,-1.1272,5473,103
10.065,-1.221,5485,152
10.07,-1.3147,5497,152
10.075,-1.4083,5510,152
10.08,-1.5019,5522,172
10.085,-1.5953,5533,172
10.09,-1.6887,5545,172
10.095,-1.7819,5557,172
10.1,-1.8751,5568,192
10.105,-1.9681,5579,192
10.11,-2.061,5590,192
10.115,-2.1538,5601,192
10.12,-2.2465,5611,256
10.125,-2.339,5621,256
10.13,-2.4313,5631,256
10.135,-2.5236,5641,257
10.14,-2.6156,5650,257
10.145,-2.7075,5659,257
10.15,-2.7992,5668,257
10.155,-2.8908,5676,271
10.16,-2.9822,5685,271
10.165,-3.0734,5692,271
10.17,-3.1644,5700,256
10.175,-3.2552,5707,256
10.18,-3.3458,5714,256
10.185,-3.4362,5721,256
10.19,-3.5264,5727,256
10.195,-3.6164,5733,256
10.2,-3.7061,5739,256
10.205,-3.7957,5744,280
10.21,-3.885,5749,280
10.215,-3.974,5753,280
10.22,-4.0628,5758,280
10.225,-4.1514,5762,259
10.23,-4.2397,5765,259
10.235,-4.3277,5768,259
10.24,-4.4155,5771,256
10.245,-4.503,5774,256
10.25,-4.5902,5776,256
10.255,-4.6771,5777,256
10.26,-4.7638,5778,259
10.265,-4.8501,5779,259
10.27,-4.9362,5779,259
10.275,-5.0219,5779,256
10.28,-5.1074,5779,256
10.285,-5.1925,5778,256
10.29,-5.2773,5777,256
10.295,-5.3618,5775,207
10.3,-5.4459,5773,207
10.305,-5.5298,5771,207
10.31,-5.6132,5768,207
10.315,-5.6963,5765,195
10.32,-5.7791,5762,195
10.325,-5.8616,5759,195
10.33,-5.9436,5755,199
10.335,-6.0253,5751,199
10.34,-6.1066,5746,199
10.345,-6.1876,5741,199
10.35,-6.2681,5736,192
10.355,-6.3483,5731,192
10.36,-6.4281,5725,192
10.365,-6.5075,5719,152
10.37,-6.5864,5713,152
10.375,-6.665,5707,152
10.38,-6.7432,5700,152
10.385,-6.8209,5693,127
10.39,-6.8983,5686,127
10.395,-6.9752,5679,127
10.4,-7.0517,5671,127
10.405,-7.1277,5663,127
10.41,-7.2033,5655,127
10.415,-7.2784,5646,127
10.42,-7.3532,5638,112
10.425,-7.4274,5629,112
10.43,-7.5012,5620,112
10.435,-7.5745,5611,127
10.44,-7.6474,5601,127
10.445,-7.7198,5591,127
10.45,-7.7917,5581,127
10.455,-7.8631,5571,96
10.46,-7.9341,5561,96
10.465,-8.0046,5551,96
10.47,-8.0745,5540,88
10.475,-8.144,5529,88
10.48,-8.213,5518,88
10.485,-8.2814,5507,88
10.49,-8.3494,5496,97
10.495,-8.4168,5484,97
10.5,-8.4837,5473,97
10.505,-8.5501,5461,97
10.51,-8.616,5449,63
10.515,-8.6813,5437,63
10.52,-8.7461,5425,63
10.525,-8.8104,5412,60
10.53,-8.8741,5400,60
10.535,-8.9373,5387,60
10.54,-8.9999,5375,60
10.545,-9.0619,5362,62
10.55,-9.1234,5349,62
10.555,-9.1844,5336,62
10.56,-9.2448,5323,60
10.565,-9.3045,5309,60
10.57,-9.3638,5296,60
10.575,-9.4224,5283,60
10.58,-9.4805,5269,48
10.585,-9.538,5255,48
10.59,-9.5949,5242,48
10.595,-9.6512,5228,48
10.6,-9.7069,5214,48
10.605,-9.762,5200,48
10.61,-9.8165,5186,48
10.615,-9.8704,5172,39
10.62,-9.9237,5158,39
10.625,-9.9764,5143,39
10.63,-10.028,5129,39
10.635,-10.08,5115,39
10.64,-10.131,5100,39
10.645,-10.181,5086,39
10.65,-10.231,5071,7
10.655,-10.279,5057,7
10.66,-10.328,5042,7
10.665,-10.375,5027,31
10.67,-10.422,5012,31
10.675,-10.469,4998,31
10.68,-10.515,4983,31
10.685,-10.56,4968,28
10.69,-10.604,4953,28
10.695,-10.648,4938,28
10.7,-10.691,4923,28
10.705,-10.734,4908,28
10.71,-10.775,4893,28
10.715,-10.816,4878,28
10.72,-10.857,4863,24
10.725,-10.897,4847,24
10.73,-10.936,4832,24
10.735,-10.974,4817,24
10.74,-11.012,4802,28
10.745,-11.049,4786,28
10.75,-11.086,4771,28
10.755,-11.121,4756,24
10.76,-11.156,4740,24
10.765,-11.191,4725,24
10.77,-11.225,4709,24
10.775,-11.258,4694,24
10.78,-11.29,4678,24
10.785,-11.321,4663,24
10.79,-11.352,4647,15
10.795,-11.382,4632,15
10.8,-11.412,4616,15
10.805,-11.441,4601,15
10.81,-11.469,4585,15
10.815,-11.496,4570,15
10.82,-11.523,4554,15
10.825,-11.549,4538,15
10.83,-11.574,4523,15
10.835,-11.599,4507,15
10.84,-11.622,4491,15
10.845,-11.646,4476,24
10.85,-11.668,4460,24
10.855,-11.69,4445,24
10.86,-11.711,4429,15
10.865,-11.731,4413,15
10.87,-11.75,4397,15
10.875,-11.769,4382,15
10.88,-11.787,4366,19
10.885,-11.804,4350,19
10.89,-11.821,4335,19
10.895,-11.837,4319,19
10.9,-11.852,4303,15
10.905,-11.866,4287,15
10.91,-11.88,4272,15
10.915,-11.893,4256,-1
10.92,-11.905,4240,-1
10.925,-11.917,4224,-1
10.93,-11.927,4209,-1
10.935,-11.937,4193,7
10.94,-11.947,4177,7
10.945,-11.955,4161,7
10.95,-11.963,4146,1
10.955,-11.97,4130,1
10.96,-11.976,4114,1
10.965,-11.982,4098,1
10.97,-11.987,4082,14
10.975,-11.991,4067,14
10.98,-11.994,4051,14
10.985,-11.997,4035,12
10.99,-11.998,4019,12
10.995,-12,4003,12
11,-12,3987,12
11.005,-12,3972,15
11.01,-11.999,3956,15
11.015,-11.997,3940,15
11.02,-11.994,3924,15
11.025,-11.991,3908,15
11.03,-11.987,3892,15
11.035,-11.982,3877,15
11.04,-11.976,3861,15
11.045,-11.97,3845,15
11.05,-11.963,3829,15
11.055,-11.955,3813,7
11.06,-11.947,3797,7
11.065,-11.938,3781,7
11.07,-11.928,3765,7
11.075,-11.917,3750,15
11.08,-11.906,3734,15
11.085,-11.894,3718,15
11.09,-11.881,3702,15
11.095,-11.867,3686,-1
11.1,-11.853,3670,-1
11.105,-11.838,3655,-1
11.11,-11.822,3639,0
11.115,-11.805,3623,0
11.12,-11.788,3607,0
11.125,-11.77,3591,0
11.13,-11.751,3575,12
11.135,-11.732,3559,12
11.14,-11.712,3544,12
11.145,-11.691,3528,7
11.15,-11.669,3512,7
11.155,-11.647,3496,7
11.16,-11.624,3480,7
11.165,-11.6,3464,15
11.17,-11.575,3449,15
11.175,-11.55,3433,15
11.18,-11.524,3417,15
11.185,-11.498,3401,15
11.19,-11.47,3385,15
11.195,-11.442,3369,15
11.2,-11.413,3354,15
11.205,-11.384,3338,15
11.21,-11.354,3322,15
11.215,-11.323,3306,7
11.22,-11.291,3290,7
11.225,-11.259,3274,7
11.23,-11.226,3259,7
11.235,-11.192,3243,15
11.24,-11.158,3227,15
11.245,-11.123,3211,15
11.25,-11.087,3195,15
11.255,-11.051,3179,15
11.26,-11.014,3164,15
11.265,-10.976,3148,15
11.27,-10.938,3132,1
11.275,-10.899,3116,1
11.28,-10.859,3101,1
11.285,-10.818,3085,1
11.29,-10.777,3069,7
11.295,-10.736,3053,7
11.3,-10.693,3037,7
11.305,-10.65,3022,7
11.31,-10.606,3006,7
11.315,-10.562,2990,7
11.32,-10.517,2974,7
11.325,-10.471,2959,15
11.33,-10.425,2943,15
11.335,-10.378,2927,15
11.34,-10.33,2911,15
11.345,-10.282,2895,15
11.35,-10.233,2880,15
11.355,-10.183,2864,15
11.36,-10.133,2848,15
11.365,-10.082,2833,15
11.37,-10.031,2817,15
11.375,-9.9789,2801,15
11.38,-9.9263,2785,15
11.385,-9.873,2769,15
11.39,-9.8191,2754,15
11.395,-9.7647,2738,24
11.4,-9.7096,2722,24
11.405,-9.6539,2707,24
11.41,-9.5976,2691,7
11.415,-9.5407,2675,7
11.42,-9.4833,2660,7
11.425,-9.4252,2644,7
11.43,-9.3666,2628,24
11.435,-9.3074,2613,24
11.44,-9.2476,2597,24
11.445,-9.1873,2581,14
11.45,-9.1264,2565,14
11.455,-9.0649,2550,14
11.46,-9.0029,2534,14
11.465,-8.9403,2519,24
11.47,-8.8771,2503,24
11.475,-8.8134,2487,24
11.48,-8.7492,2472,24
11.485,-8.6844,2456,15
11.49,-8.6191,2440,15
11.495,-8.5533,2425,15
11.5,-8.4869,2409,24
11.505,-8.42,2394,24
11.51,-8.3526,2378,24
11.515,-8.2847,2363,24
11.52,-8.2163,2347,24
11.525,-8.1473,2331,24
11.53,-8.0779,2316,24
11.535,-8.0079,2300,24
11.54,-7.9375,2285,24
11.545,-7.8666,2269,24
11.55,-7.7951,2254,24
11.555,-7.7233,2238,24
11.56,-7.6509,2223,24
11.565,-7.578,2207,24
11.57,-7.5047,2192,24
11.575,-7.431,2176,24
11.58,-7.3567,2161,24
11.585,-7.282,2145,24
11.59,-7.2069,2130,17
11.595,-7.1313,2115,17
11.6,-7.0553,2099,17
11.605,-6.9789,2084,28
11.61,-6.902,2068,28
11.615,-6.8247,2053,28
11.62,-6.7469,2037,28
11.625,-6.6688,2022,24
11.63,-6.5902,2007,24
11.635,-6.5113,1991,24
11.64,-6.4319,1976,28
11.645,-6.3521,1961,28
11.65,-6.272,1945,28
11.655,-6.1914,1930,28
11.66,-6.1105,1915,24
11.665,-6.0292,1899,24
11.67,-5.9475,1884,24
11.675,-5.8655,1869,24
11.68,-5.7831,1854,24
11.685,-5.7003,1839,24
11.69,-5.6172,1823,24
11.695,-5.5338,1808,24
11.7,-5.45,1793,24
11.705,-5.3658,1778,24
11.71,-5.2814,1763,24
11.715,-5.1966,1747,24
11.72,-5.1115,1732,24
11.725,-5.0261,1717,24
11.73,-4.9403,1702,24
11.735,-4.8543,1687,24
11.74,-4.7679,1672,24
11.745,-4.6813,1657,24
11.75,-4.5944,1642,24
11.755,-4.5072,1627,24
11.76,-4.4197,1612,24
11.765,-4.3319,1597,30
11.77,-4.2439,1582,30
11.775,-4.1556,1567,30
11.78,-4.0671,1552,30
11.785,-3.9783,1537,24
11.79,-3.8893,1522,24
11.795,-3.8,1507,24
11.8,-3.7104,1492,24
11.805,-3.6207,1477,24
11.81,-3.5307,1463,24
11.815,-3.4406,1448,24
11.82,-3.3502,1433,28
11.825,-3.2596,1418,28
11.83,-3.1688,1403,28
11.835,-3.0778,1389,24
11.84,-2.9866,1374,24
11.845,-2.8952,1359,24
11.85,-2.8036,1345,24
11.855,-2.7119,1330,24
11.86,-2.62,1315,24
11.865,-2.528,1301,24
11.87,-2.4358,1287,24
11.875,-2.3434,1272,30
11.88,-2.2509,1257,30
11.885,-2.1583,1243,30
11.89,-2.0655,1229,28
11.895,-1.9726,1214,28
11.9,-1.8796,1200,28
11.905,-1.7864,1186,28
11.91,-1.6932,1171,24
11.915,-1.5998,1157,24
11.92,-1.5064,1143,24
11.925,-1.4128,1129,24
11.93,-1.3192,1115,24
11.935,-1.2255,1101,24
11.94,-1.1317,1087,24
11.945,-1.0378,1073,28
11.95,-0.94389,1059,28
11.955,-0.8499,1045,28
11.96,-0.75586,1031,15
11.965,-0.6618,1017,15
11.97,-0.56767,1003,15
11.975,-0.4735,990,15
11.98,-0.37931,976,15
11.985,-0.28511,963,15
11.99,-0.19088,949,15
11.995,-0.096632,935,7
12,-0.0024027,922,7
12.005,0.09185,909,7
12.01,0.1861,895,7
12.015,0.28033,882,28
12.02,0.37453,869,28
12.025,0.46872,855,28
12.03,0.56289,842,96
12.035,0.657,829,96
12.04,0.75109,816,96
12.045,0.84513,803,96
12.05,0.93913,791,120
12.055,1.033,778,120
12.06,1.1269,765,120
12.065,1.2207,753,120
12.07,1.3144,741,159
12.075,1.4081,729,159
12.08,1.5016,717,159
12.085,1.5951,705,184
12.09,1.6884,694,184
12.095,1.7817,682,184
12.1,1.8748,671,184
12.105,1.9679,660,195
12.11,2.0608,649,195
12.115,2.1536,639,195
12.12,2.2462,629,256
12.125,2.3387,619,256
12.13,2.4311,609,256
12.135,2.5233,599,256
12.14,2.6154,590,256
12.145,2.7073,581,256
12.15,2.799,573,256
12.155,2.8906,564,280
12.16,2.9819,556,280
12.165,3.0731,548,280
12.17,3.1641,541,280
12.175,3.255,534,271
12.18,3.3456,527,271
12.185,3.436,521,271
12.19,3.5262,514,224
12.195,3.6162,509,224
12.2,3.7059,503,224
12.205,3.7954,498,224
12.21,3.8847,493,287
12.215,3.9738,489,287
12.22,4.0626,485,287
12.225,4.1511,481,287
12.23,4.2394,478,280
12.235,4.3275,475,280
12.24,4.4152,473,280
12.245,4.5027,471,256
12.25,4.59,470,256
12.255,4.6769,468,256
12.26,4.7636,468,256
12.265,4.8499,467,268
12.27,4.936,467,268
12.275,5.0217,467,268
12.28,5.1072,468,256
12.285,5.1923,468,256
12.29,5.2771,469,256
12.295,5.3616,471,256
12.3,5.4457,473,224
12.305,5.5295,475,224
12.31,5.613,477,224
12.315,5.6961,480,259
12.32,5.7789,483,259
12.325,5.8613,486,259
12.33,5.9434,489,259
12.335,6.0251,493,143
12.34,6.1064,497,143
12.345,6.1873,502,143
12.35,6.2679,507,176
12.355,6.3481,512,176
12.36,6.4279,517,176
12.365,6.5072,523,176
12.37,6.5862,529,167
12.375,6.6648,535,167
12.38,6.743,542,167
12.385,6.8207,549,159
12.39,6.8981,556,159
12.395,6.975,563,159
12.4,7.0514,570,159
12.405,7.1275,578,103
12.41,7.2031,586,103
12.415,7.2782,594,103
12.42,7.353,603,103
12.425,7.4272,611,127
12.43,7.501,620,127
12.435,7.5743,630,127
12.44,7.6472,639,103
12.445,7.7196,648,103
12.45,7.7915,658,103
12.455,7.863,668,103
12.46,7.9339,678,63
12.465,8.0044,689,63
12.47,8.0743,699,63
12.475,8.1438,710,63
12.48,8.2128,720,63
12.485,8.2812,731,63
12.49,8.3492,743,63
12.495,8.4166,754,76
12.5,8.4836,765,76
12.505,8.5499,777,76
12.51,8.6158,789,76
12.515,8.6811,801,76
12.52,8.7459,813,76
12.525,8.8102,825,76
12.53,8.8739,837,63
12.535,8.9371,849,63
12.54,8.9997,862,63
12.545,9.0618,875,60
12.55,9.1233,887,60
12.555,9.1842,900,60
12.56,9.2446,913,60
12.565,9.3044,926,60
12.57,9.3636,939,60
12.575,9.4223,953,60
12.58,9.4803,966,48
12.585,9.5378,980,48
12.59,9.5947,993,48
12.595,9.651,1007,48
12.6,9.7068,1021,44
12.605,9.7619,1034,44
12.61,9.8164,1048,44
12.615,9.8703,1062,44
12.62,9.9236,1076,31
12.625,9.9763,1090,31
12.63,10.028,1104,31
12.635,10.08,1119,39
12.64,10.131,1133,39
12.645,10.181,1147,39
12.65,10.23,1162,39
12.655,10.279,1176,31
12.66,10.328,1191,31
12.665,10.375,1205,31
12.67,10.422,1220,31
12.675,10.469,1235,31
12.68,10.514,1249,31
12.685,10.56,1264,31
12.69,10.604,1279,30
12.695,10.648,1294,30
12.7,10.691,1309,30
12.705,10.733,1324,17
12.71,10.775,1339,17
12.715,10.816,1354,17
12.72,10.857,1369,17
12.725,10.897,1384,24
12.73,10.936,1399,24
12.735,10.974,1414,24
12.74,11.012,1429,24
12.745,11.049,1445,24
12.75,11.086,1460,24
12.755,11.121,1475,24
12.76,11.156,1491,24
12.765,11.191,1506,24
12.77,11.224,1521,24
12.775,11.257,1537,15
12.78,11.29,1553,15
12.785,11.321,1568,15
12.79,11.352,1583,15
12.795,11.382,1599,24
12.8,11.412,1615,24
12.805,11.441,1630,24
12.81,11.469,1646,24
12.815,11.496,1661,15
12.82,11.523,1677,15
12.825,11.549,1693,15
12.83,11.574,1709,15
12.835,11.599,1724,15
12.84,11.622,1740,15
12.845,11.645,1756,15
12.85,11.668,1772,24
12.855,11.69,1788,24
12.86,11.71,1803,24
12.865,11.731,1819,15
12.87,11.75,1835,15
12.875,11.769,1851,15
12.88,11.787,1867,15
12.885,11.804,1883,15
12.89,11.821,1899,15
12.895,11.837,1915,15
12.9,11.852,1931,15
12.905,11.866,1947,15
12.91,11.88,1963,15
12.915,11.893,1979,15
12.92,11.905,1995,15
12.925,11.917,2011,15
12.93,11.927,2027,15
12.935,11.937,2043,14
12.94,11.947,2060,14
12.945,11.955,2076,14
12.95,11.963,2092,14
12.955,11.97,2108,15
12.96,11.976,2124,15
12.965,11.982,2140,15
12.97,11.987,2157,15
12.975,11.991,2173,15
12.98,11.994,2189,15
12.985,11.997,2205,15
12.99,11.998,2221,15
12.995,12,2237,15
13,12,2254,15
13.005,12,2270,15
13.01,11.999,2286,15
13.015,11.997,2302,15
13.02,11.994,2319,15
13.025,11.991,2335,14
13.03,11.987,2351,14
13.035,11.982,2367,14
13.04,11.976,2384,14
13.045,11.97,2400,7
13.05,11.963,2416,7
13.055,11.955,2432,7
13.06,11.947,2449,15
13.065,11.938,2465,15
13.07,11.928,2481,15
13.075,11.917,2497,15
13.08,11.906,2514,14
13.085,11.894,2530,14
13.09,11.881,2546,14
13.095,11.867,2563,14
13.1,11.853,2579,14
13.105,11.838,2595,14
13.11,11.822,2612,14
13.115,11.805,2628,15
13.12,11.788,2644,15
13.125,11.77,2661,15
13.13,11.751,2677,15
13.135,11.732,2693,15
13.14,11.712,2710,15
13.145,11.691,2726,15
13.15,11.669,2742,15
13.155,11.647,2759,15
13.16,11.624,2775,15
13.165,11.6,2791,12
13.17,11.575,2807,12
13.175,11.55,2824,12
13.18,11.524,2840,12
13.185,11.498,2856,12
13.19,11.47,2873,12
13.195,11.442,2889,12
13.2,11.413,2905,12
13.205,11.384,2921,15
13.21,11.354,2938,15
13.215,11.323,2954,15
13.22,11.291,2970,14
13.225,11.259,2987,14
13.23,11.226,3003,14
13.235,11.193,3019,14
13.24,11.158,3035,14
13.245,11.123,3052,14
13.25,11.088,3068,14
13.255,11.051,3084,15
13.26,11.014,3101,15
13.265,10.976,3117,15
13.27,10.938,3133,15
13.275,10.899,3149,15
13.28,10.859,3165,15
13.285,10.819,3182,15
13.29,10.777,3198,15
13.295,10.736,3214,15
13.3,10.693,3231,15
13.305,10.65,3247,15
13.31,10.606,3263,14
13.315,10.562,3279,14
13.32,10.517,3296,14
13.325,10.471,3312,7
13.33,10.425,3328,7
13.335,10.378,3344,7
13.34,10.33,3361,7
13.345,10.282,3377,15
13.35,10.233,3393,15
13.355,10.183,3409,15
13.36,10.133,3425,15
13.365,10.083,3442,15
13.37,10.031,3458,15
13.375,9.9791,3474,15
13.38,9.9264,3490,15
13.385,9.8731,3507,15
13.39,9.8193,3523,15
13.395,9.7648,3539,15
13.4,9.7097,3555,15
13.405,9.654,3571,15
13.41,9.5978,3587,15
13.415,9.5409,3604,15
13.42,9.4834,3620,15
13.425,9.4254,3636,15
13.43,9.3668,3652,15
13.435,9.3076,3668,15
13.44,9.2478,3685,15
13.445,9.1875,3701,15
13.45,9.1265,3717,15
13.455,9.0651,3733,15
13.46,9.003,3749,15
13.465,8.9404,3765,15
13.47,8.8773,3781,15
13.475,8.8136,3797,15
13.48,8.7494,3813,15
13.485,8.6846,3829,15
13.49,8.6193,3845,15
13.495,8.5535,3861,15
13.5,8.4871,3877,15
13.505,8.4202,3894,15
13.51,8.3528,3910,15
13.515,8.2849,3926,15
13.52,8.2164,3942,15
13.525,8.1475,3958,15
13.53,8.0781,3974,15
13.535,8.0081,3990,15
13.54,7.9377,4006,15
13.545,7.8668,4022,15
13.55,7.7953,4038,15
13.555,7.7234,4054,24
13.56,7.6511,4070,24
13.565,7.5782,4086,24
13.57,7.5049,4102,24
13.575,7.4312,4117,15
13.58,7.3569,4133,15
13.585,7.2822,4149,15
13.59,7.2071,4165,15
13.595,7.1315,4181,15
13.6,7.0555,4197,15
13.605,6.9791,4213,15
13.61,6.9022,4229,15
13.615,6.8249,4245,15
13.62,6.7471,4261,15
13.625,6.669,4276,15
13.63,6.5904,4292,15
13.635,6.5115,4308,15
13.64,6.4321,4324,15
13.645,6.3523,4339,15
13.65,6.2722,4355,15
13.655,6.1917,4371,15
13.66,6.1107,4387,15
13.665,6.0294,4402,24
13.67,5.9478,4418,24
13.675,5.8657,4433,24
13.68,5.7833,4449,15
13.685,5.7006,4465,15
13.69,5.6175,4480,15
13.695,5.534,4496,15
13.7,5.4502,4511,24
13.705,5.3661,4527,24
13.71,5.2816,4543,24
13.715,5.1968,4558,24
13.72,5.1117,4574,24
13.725,5.0263,4589,24
13.73,4.9405,4605,24
13.735,4.8545,4620,24
13.74,4.7682,4636,24
13.745,4.6815,4651,24
13.75,4.5946,4667,24
13.755,4.5074,4682,24
13.76,4.4199,4697,24
13.765,4.3322,4713,24
13.77,4.2441,4728,28
13.775,4.1559,4743,28
13.78,4.0673,4758,28
13.785,3.9785,4773,28
13.79,3.8895,4789,15
13.795,3.8002,4804,15
13.8,3.7107,4819,15
13.805,3.6209,4834,24
13.81,3.531,4849,24
13.815,3.4408,4864,24
13.82,3.3504,4879,24
13.825,3.2598,4894,24
13.83,3.169,4909,24
13.835,3.078,4924,24
13.84,2.9868,4939,24
13.845,2.8954,4954,24
13.85,2.8039,4969,24
13.855,2.7122,4984,24
13.86,2.6203,4999,24
13.865,2.5282,5013,24
13.87,2.436,5028,24
13.875,2.3437,5043,24
13.88,2.2511,5057,24
13.885,2.1585,5072,24
13.89,2.0657,5086,24
13.895,1.9728,5101,24
13.9,1.8798,5115,24
13.905,1.7867,5130,24
13.91,1.6934,5144,24
13.915,1.6001,5159,24
13.92,1.5066,5173,24
13.925,1.4131,5187,24
13.93,1.3194,5202,24
13.935,1.2257,5216,24
13.94,1.1319,5230,24
13.945,1.0381,5244,15
13.95,0.94413,5258,15
13.955,0.85016,5272,15
13.96,0.75612,5287,15
13.965,0.66203,5300,15
13.97,0.5679,5314,15
13.975,0.47376,5328,15
13.98,0.37957,5342,15
13.985,0.28535,5356,7
13.99,0.19114,5369,7
13.995,0.096892,5383,7
14,0.0026391,5397,7
14.005,-0.091614,5410,7
14.01,-0.18584,5424,7
14.015,-0.28007,5437,7
14.02,-0.37429,5451,35
14.025,-0.46846,5464,35
14.03,-0.56263,5477,35
14.035,-0.65676,5491,79
14.04,-0.75085,5504,79
14.045,-0.84487,5517,79
14.05,-0.93887,5530,79
14.055,-1.0328,5542,127
14.06,-1.1267,5555,127
14.065,-1.2205,5573,127
14.07,-1.3142,5585,159
14.075,-1.4078,5597,159
14.08,-1.5014,5609,159
14.085,-1.5948,5621,199
14.09,-1.6882,5633,199
14.095,-1.7815,5644,199
14.1,-1.8746,5655,199
14.105,-1.9676,5667,199
14.11,-2.0605,5677,199
14.115,-2.1533,5688,199
14.12,-2.246,5699,199
14.125,-2.3385,5709,256
14.13,-2.4309,5719,256
14.135,-2.5231,5729,256
14.14,-2.6151,5738,263
14.145,-2.707,5747,263
14.15,-2.7988,5756,263
14.155,-2.8903,5765,263
14.16,-2.9817,5773,256
14.165,-3.0729,5781,256
14.17,-3.1639,5788,256
14.175,-3.2547,5796,270
14.18,-3.3453,5803,270
14.185,-3.4358,5809,270
14.19,-3.5259,5816,270
14.195,-3.6159,5822,236
14.2,-3.7057,5828,236
14.205,-3.7952,5833,236
14.21,-3.8845,5838,256
14.215,-3.9735,5843,256
14.22,-4.0624,5847,256
14.225,-4.1509,5851,256
14.23,-4.2392,5854,271
14.235,-4.3272,5857,271
14.24,-4.415,5860,271
14.245,-4.5025,5862,284
14.25,-4.5897,5864,284
14.255,-4.6767,5865,284
14.26,-4.7633,5867,284
14.265,-4.8497,5867,257
14.27,-4.9357,5868,257
14.275,-5.0215,5868,257
14.28,-5.1069,5867,256
14.285,-5.1921,5866,256
14.29,-5.2769,5865,256
14.295,-5.3613,5864,256
14.3,-5.4455,5862,231
14.305,-5.5293,5860,231
14.31,-5.6128,5857,231
14.315,-5.6959,5854,231
14.32,-5.7787,5851,256
14.325,-5.8611,5848,256
14.33,-5.9432,5844,256
14.335,-6.0249,5840,192
14.34,-6.1062,5835,192
14.345,-6.1871,5831,192
14.35,-6.2677,5826,192
14.355,-6.3479,5821,204
14.36,-6.4277,5815,204
14.365,-6.507,5809,204
14.37,-6.586,5803,159
14.375,-6.6646,5796,159
14.38,-6.7428,5790,159
14.385,-6.8205,5783,159
14.39,-6.8979,5776,167
14.395,-6.9748,5768,167
14.4,-7.0513,5760,167
14.405,-7.1273,5753,113
14.41,-7.2029,5744,113
14.415,-7.2781,5736,113
14.42,-7.3527,5727,113
14.425,-7.427,5718,120
14.43,-7.5008,5709,120
14.435,-7.5741,5700,120
14.44,-7.647,5690,103
14.445,-7.7194,5681,103
14.45,-7.7913,5671,103
14.455,-7.8628,5661,103
14.46,-7.9337,5650,103
14.465,-8.0042,5640,103
14.47,-8.0742,5629,103
14.475,-8.1436,5618,71
14.48,-8.2126,5607,71
14.485,-8.2811,5596,71
14.49,-8.349,5585,71
14.495,-8.4164,5573,63
14.5,-8.4834,5562,63
14.505,-8.5498,5550,63
14.51,-8.6156,5538,63
14.515,-8.681,5526,71
14.52,-8.7458,5514,71
14.525,-8.81,5501,71
14.53,-8.8737,5489,63
14.535,-8.9369,5476,63
14.54,-8.9995,5464,63
14.545,-9.0616,5451,63
14.55,-9.1231,5438,60
14.555,-9.1841,5425,60
14.56,-9.2444,5412,60
14.565,-9.3042,5398,48
14.57,-9.3635,5385,48
14.575,-9.4221,5371,48
14.58,-9.4802,5358,48
14.585,-9.5377,5344,44
14.59,-9.5946,5331,44
14.595,-9.6509,5317,44
14.6,-9.7066,5303,48
14.605,-9.7617,5289,48
14.61,-9.8162,5275,48
14.615,-9.8701,5260,48
14.62,-9.9234,5246,30
14.625,-9.9761,5232,30
14.63,-10.028,5217,30
14.635,-10.08,5203,31
14.64,-10.13,5189,31
14.645,-10.181,5174,31
14.65,-10.23,5159,31
14.655,-10.279,5145,28
14.66,-10.328,5130,28
14.665,-10.375,5115,28
14.67,-10.422,5100,31
14.675,-10.469,5086,31
14.68,-10.514,5071,31
14.685,-10.559,5056,31
14.69,-10.604,5041,31
14.695,-10.648,5026,31
14.7,-10.691,5011,31
14.705,-10.733,4995,31
14.71,-10.775,4980,24
14.715,-10.816,4965,24
14.72,-10.857,4950,24
14.725,-10.897,4935,24
14.73,-10.936,4919,24
14.735,-10.974,4904,24
14.74,-11.012,4889,24
14.745,-11.049,4873,24
14.75,-11.086,4858,24
14.755,-11.121,4843,24
14.76,-11.156,4827,17
14.765,-11.191,4812,17
14.77,-11.224,4796,17
14.775,-11.257,4781,17
14.78,-11.29,4765,15
14.785,-11.321,4750,15
14.79,-11.352,4734,15
14.795,-11.382,4719,15
14.8,-11.412,4703,15
14.805,-11.441,4687,15
14.81,-11.469,4672,15
14.815,-11.496,4656,15
14.82,-11.523,4641,15
14.825,-11.549,4625,15
14.83,-11.574,4609,7
14.835,-11.598,4594,7
14.84,-11.622,4578,7
14.845,-11.645,4562,7
14.85,-11.668,4547,15
14.855,-11.689,4531,15
14.86,-11.71,4515,15
14.865,-11.731,4500,15
14.87,-11.75,4484,15
14.875,-11.769,4468,15
14.88,-11.787,4453,15
14.885,-11.804,4437,15
14.89,-11.821,4421,15
14.895,-11.837,4405,15
14.9,-11.852,4390,15
14.905,-11.866,4374,15
14.91,-11.88,4358,15
14.915,-11.893,4342,15
14.92,-11.905,4326,15
14.925,-11.916,4311,15
14.93,-11.927,4295,15
14.935,-11.937,4279,15
14.94,-11.946,4263,15
14.945,-11.955,4247,15
14.95,-11.963,4232,15
14.955,-11.97,4216,15
14.96,-11.976,4200,15
14.965,-11.982,4184,15
14.97,-11.987,4168,15
14.975,-11.991,4153,15
14.98,-11.994,4137,15
14.985,-11.997,4121,15
14.99,-11.998,4105,0
14.995,-12,4089,0
15,-12,4073,0
15.005,-12,4057,0
15.01,-11.999,4041,7
15.015,-11.997,4025,7
15.02,-11.994,4010,7
15.025,-11.991,3994,15
15.03,-11.987,3978,15
15.035,-11.982,3962,15
15.04,-11.976,3946,15
15.045,-11.97,3930,15
15.05,-11.963,3914,15
15.055,-11.955,3898,15
15.06,-11.947,3882,15
15.065,-11.938,3866,15
15.07,-11.928,3850,15
15.075,-11.917,3835,15
15.08,-11.906,3819,15
15.085,-11.894,3803,15
15.09,-11.881,3787,15
15.095,-11.867,3771,15
15.1,-11.853,3755,14
15.105,-11.838,3739,14
15.11,-11.822,3723,14
15.115,-11.805,3707,19
15.12,-11.788,3691,19
15.125,-11.77,3675,19
15.13,-11.751,3659,19
15.135,-11.732,3643,7
15.14,-11.712,3627,7
15.145,-11.691,3611,7
15.15,-11.669,3595,7
15.155,-11.647,3580,7
15.16,-11.624,3564,7
15.165,-11.6,3548,7
15.17,-11.575,3532,15
15.175,-11.55,3516,15
15.18,-11.524,3500,15
15.185,-11.498,3484,15
15.19,-11.47,3468,15
15.195,-11.442,3452,15
15.2,-11.414,3436,15
15.205,-11.384,3421,15
15.21,-11.354,3405,15
15.215,-11.323,3389,15
15.22,-11.292,3373,15
15.225,-11.259,3357,15
15.23,-11.226,3341,15
15.235,-11.193,3325,15
15.24,-11.158,3309,17
15.245,-11.123,3293,17
15.25,-11.088,3277,17
15.255,-11.051,3261,17
15.26,-11.014,3245,3
15.265,-10.976,3229,3
15.27,-10.938,3213,3
15.275,-10.899,3198,7
15.28,-10.859,3182,7
15.285,-10.819,3166,7
15.29,-10.778,3150,7
15.295,-10.736,3134,15
15.3,-10.693,3118,15
15.305,-10.65,3102,15
15.31,-10.606,3086,15
15.315,-10.562,3071,15
15.32,-10.517,3055,15
15.325,-10.471,3039,15
15.33,-10.425,3023,15
15.335,-10.378,3007,15
15.34,-10.33,2991,15
15.345,-10.282,2975,24
15.35,-10.233,2959,24
15.355,-10.184,2944,24
15.36,-10.133,2928,24
15.365,-10.083,2912,24
15.37,-10.031,2896,24
15.375,-9.9792,2880,24
15.38,-9.9265,2865,12
15.385,-9.8733,2849,12
15.39,-9.8194,2833,12
15.395,-9.7649,2817,12
15.4,-9.7099,2801,24
15.405,-9.6542,2785,24
15.41,-9.5979,2769,24
15.415,-9.541,2754,7
15.42,-9.4836,2738,7
15.425,-9.4256,2722,7
15.43,-9.3669,2706,7
15.435,-9.3077,2691,7
15.44,-9.2479,2675,7
15.445,-9.1876,2659,7
15.45,-9.1267,2643,7
15.455,-9.0652,2628,14
15.46,-9.0032,2612,14
15.465,-8.9406,2596,14
15.47,-8.8775,2580,14
15.475,-8.8138,2565,14
15.48,-8.7496,2549,14
15.485,-8.6848,2533,14
15.49,-8.6195,2517,15
15.495,-8.5537,2502,15
15.5,-8.4873,2486,15
15.505,-8.4204,2471,15
15.51,-8.353,2455,15
15.515,-8.2851,2439,15
15.52,-8.2166,2423,15
15.525,-8.1477,2408,15
15.53,-8.0782,2392,15
15.535,-8.0083,2377,15
15.54,-7.9379,2361,15
15.545,-7.8669,2345,15
15.55,-7.7955,2330,15
15.555,-7.7236,2314,15
15.56,-7.6513,2299,15
15.565,-7.5784,2283,15
15.57,-7.5051,2267,15
15.575,-7.4314,2252,15
15.58,-7.3571,2236,15
15.585,-7.2825,2221,15
15.59,-7.2073,2205,15
15.595,-7.1317,2190,24
15.6,-7.0557,2174,24
15.605,-6.9793,2159,24
15.61,-6.9024,2143,24
15.615,-6.8251,2128,24
15.62,-6.7473,2113,24
15.625,-6.6692,2097,24
15.63,-6.5907,2082,15
15.635,-6.5117,2066,15
15.64,-6.4323,2051,15
15.645,-6.3526,2035,15
15.65,-6.2724,2020,24
15.655,-6.1919,2005,24
15.66,-6.111,1989,24
15.665,-6.0297,1974,24
15.67,-5.948,1959,24
15.675,-5.866,1943,24
15.68,-5.7835,1928,24
15.685,-5.7008,1913,24
15.69,-5.6177,1897,24
15.695,-5.5342,1882,24
15.7,-5.4504,1867,28
15.705,-5.3663,1852,28
15.71,-5.2818,1837,28
15.715,-5.197,1821,28
15.72,-5.1119,1806,24
15.725,-5.0265,1791,24
15.73,-4.9408,1776,24
15.735,-4.8547,1761,15
15.74,-4.7684,1746,15
15.745,-4.6818,1731,15
15.75,-4.5948,1715,15
15.755,-4.5076,1700,24
15.76,-4.4201,1685,24
15.765,-4.3324,1670,24
15.77,-4.2444,1655,24
15.775,-4.1561,1640,24
15.78,-4.0675,1625,24
15.785,-3.9788,1610,24
15.79,-3.8897,1595,24
15.795,-3.8004,1580,24
15.8,-3.7109,1565,24
15.805,-3.6212,1551,28
15.81,-3.5312,1536,28
15.815,-3.441,1521,28
15.82,-3.3507,1506,28
15.825,-3.26,1491,24
15.83,-3.1692,1477,24
15.835,-3.0782,1462,24
15.84,-2.9871,1447,24
15.845,-2.8957,1432,28
15.85,-2.8041,1418,28
15.855,-2.7124,1403,28
15.86,-2.6205,1389,24
15.865,-2.5285,1374,24
15.87,-2.4363,1359,24
15.875,-2.3439,1345,24
15.88,-2.2514,1330,24
15.885,-2.1588,1316,24
15.89,-2.066,1301,24
15.895,-1.9731,1287,28
15.9,-1.8801,1273,28
15.905,-1.7869,1258,28
15.91,-1.6937,1244,28
15.915,-1.6003,1230,24
15.92,-1.5069,1216,24
15.925,-1.4133,1201,24
15.93,-1.3197,1187,24
15.935,-1.226,1173,24
15.94,-1.1322,1159,24
15.945,-1.0383,1145,24
15.95,-0.94439,1131,15
15.955,-0.8504,1117,15
15.96,-0.75636,1103,15
15.965,-0.66229,1089,15
15.97,-0.56816,1075,15
15.975,-0.474,1062,15
15.98,-0.37983,1048,15
15.985,-0.28561,1034,7
15.99,-0.19137,1021,7
15.995,-0.097128,1007,7
16,-0.0028984,994,1
16.005,0.091331,980,1
16.01,0.18556,967,1
16.015,0.27977,953,1
16.02,0.37396,940,39
16.025,0.46814,927,39
16.03,0.56228,914,39
16.035,0.65639,901,39
16.04,0.75046,888,96
16.045,0.84448,875,96
16.05,0.93845,862,96
16.055,1.0324,849,127
16.06,1.1262,837,127
16.065,1.22,824,127
16.07,1.3137,812,127
16.075,1.4073,800,176
16.08,1.5008,788,176
16.085,1.5943,776,176
16.09,1.6876,764,184
16.095,1.7809,753,184
16.1,1.874,741,184
16.105,1.967,730,184
16.11,2.0599,719,207
16.115,2.1527,709,207
16.12,2.2453,698,207
16.125,2.3378,688,216
16.13,2.4302,678,216
16.135,2.5224,669,216
16.14,2.6144,659,216
16.145,2.7063,650,263
16.15,2.798,641,263
16.155,2.8895,633,263
16.16,2.9809,624,256
16.165,3.0721,617,256
16.17,3.1631,609,256
16.175,3.2539,601,256
16.18,3.3445,594,280
16.185,3.4349,588,280
16.19,3.525,581,280
16.195,3.615,575,280
16.2,3.7048,570,280
16.205,3.7943,565,280
16.21,3.8835,560,280
16.215,3.9726,555,280
16.22,4.0614,551,280
16.225,4.1499,548,280
16.23,4.2382,544,280
16.235,4.3262,541,300
16.24,4.414,539,300
16.245,4.5015,537,300
16.25,4.5887,535,270
16.255,4.6756,534,270
16.26,4.7622,533,270
16.265,4.8486,533,270
16.27,4.9346,533,263
16.275,5.0204,533,263
16.28,5.1058,533,263
16.285,5.1909,534,256
16.29,5.2757,535,256
16.295,5.3602,536,256
16.3,5.4443,538,256
16.305,5.5281,540,207
16.31,5.6116,542,207
16.315,5.6947,545,207
16.32,5.7775,548,216
16.325,5.8599,552,216
16.33,5.9419,556,216
16.335,6.0236,560,216
16.34,6.1049,564,192
16.345,6.1859,569,192
16.35,6.2664,574,192
16.355,6.3466,579,227
16.36,6.4264,584,227
16.365,6.5057,590,227
16.37,6.5847,596,227
16.375,6.6633,603,172
16.38,6.7414,609,172
16.385,6.8192,616,172
16.39,6.8965,623,120
16.395,6.9734,631,120
16.4,7.0499,638,120
16.405,7.1259,646,120
16.41,7.2015,654,127
16.415,7.2767,662,127
16.42,7.3514,671,127
16.425,7.4256,680,127
16.43,7.4994,689,127
16.435,7.5727,698,127
16.44,7.6456,707,127
16.445,7.718,717,112
16.45,7.7899,727,112
16.455,7.8613,736,112
16.46,7.9323,747,112
16.465,8.0027,757,88
16.47,8.0727,767,88
16.475,8.1422,778,88
16.48,8.2112,789,92
16.485,8.2796,800,92
16.49,8.3476,811,92
16.495,8.415,823,92
16.5,8.4819,834,71
16.505,8.5483,846,71
16.51,8.6142,857,71
16.515,8.6795,869,63
16.52,8.7443,881,63
16.525,8.8086,893,63
16.53,8.8723,906,63
16.535,8.9355,918,60
16.54,8.9981,931,60
16.545,9.0602,943,60
16.55,9.1217,956,60
16.555,9.1826,969,60
16.56,9.243,982,60
16.565,9.3028,995,60
16.57,9.362,1008,48
16.575,9.4207,1022,48
16.58,9.4788,1035,48
16.585,9.5363,1049,48
16.59,9.5932,1062,48
16.595,9.6495,1076,48
16.6,9.7052,1089,48
16.605,9.7603,1103,39
16.61,9.8148,1117,39
16.615,9.8687,1131,39
16.62,9.922,1145,39
16.625,9.9747,1159,31
16.63,10.027,1173,31
16.635,10.078,1187,31
16.64,10.129,1202,31
16.645,10.179,1216,31
16.65,10.229,1231,31
16.655,10.278,1245,31
16.66,10.326,1260,31
16.665,10.374,1274,31
16.67,10.421,1289,31
16.675,10.467,1303,30
16.68,10.513,1318,30
16.685,10.558,1333,30
16.69,10.603,1348,30
16.695,10.646,1363,28
16.7,10.69,1378,28
16.705,10.732,1393,28
16.71,10.774,1408,24
16.715,10.815,1423,24
16.72,10.856,1438,24
16.725,10.895,1453,24
16.73,10.935,1468,28
16.735,10.973,1483,28
16.74,11.011,1499,28
16.745,11.048,1514,28
16.75,11.084,1529,28
16.755,11.12,1544,28
16.76,11.155,1560,28
16.765,11.19,1575,24
16.77,11.223,1591,24
16.775,11.256,1606,24
16.78,11.289,1621,24
16.785,11.32,1637,24
16.79,11.351,1652,24
16.795,11.381,1668,24
16.8,11.411,1684,24
16.805,11.44,1699,24
16.81,11.468,1715,24
16.815,11.495,1731,24
16.82,11.522,1746,24
16.825,11.548,1762,24
16.83,11.573,1777,24
16.835,11.598,1793,28
16.84,11.622,1809,28
16.845,11.645,1825,28
16.85,11.667,1841,28
16.855,11.689,1857,15
16.86,11.71,1872,15
16.865,11.73,1888,15
16.87,11.749,1904,15
16.875,11.768,1920,15
16.88,11.786,1936,15
16.885,11.804,1952,15
16.89,11.82,1968,24
16.895,11.836,1984,24
16.9,11.851,2000,24
16.905,11.866,2016,14
16.91,11.879,2032,14
16.915,11.892,2048,14
16.92,11.905,2064,14
16.925,11.916,2080,15
16.93,11.927,2096,15
16.935,11.937,2112,15
16.94,11.946,2128,15
16.945,11.955,2144,15
16.95,11.963,2160,15
16.955,11.97,2177,15
16.96,11.976,2193,24
16.965,11.982,2209,24
16.97,11.986,2225,24
16.975,11.99,2241,24
16.98,11.994,2257,15
16.985,11.997,2273,15
16.99,11.998,2289,15
16.995,12,2306,14
17,12,2322,14
17.005,12,2338,14
17.01,11.999,2354,14
17.015,11.997,2371,14
17.02,11.994,2387,14
17.025,11.991,2403,14
17.03,11.987,2419,14
17.035,11.982,2435,14
17.04,11.977,2452,14
17.045,11.971,2468,14
17.05,11.964,2484,15
17.055,11.956,2500,15
17.06,11.947,2517,15
17.065,11.938,2533,14
17.07,11.928,2549,14
17.075,11.918,2565,14
17.08,11.906,2582,14
17.085,11.894,2598,14
17.09,11.881,2614,14
17.095,11.868,2631,14
17.1,11.853,2647,15
17.105,11.838,2663,15
17.11,11.823,2679,15
17.115,11.806,2696,15
17.12,11.789,2712,14
17.125,11.771,2728,14
17.13,11.752,2745,14
17.135,11.733,2761,7
17.14,11.713,2777,7
17.145,11.692,2794,7
17.15,11.67,2810,7
17.155,11.648,2826,15
17.16,11.625,2843,15
17.165,11.601,2859,15
17.17,11.577,2875,15
17.175,11.551,2891,14
17.18,11.526,2908,14
17.185,11.499,2924,14
17.19,11.472,2940,14
17.195,11.444,2957,14
17.2,11.415,2973,14
17.205,11.386,2989,14
17.21,11.355,3005,15
17.215,11.325,3022,15
17.22,11.293,3038,15
17.225,11.261,3054,15
17.23,11.228,3070,15
17.235,11.194,3087,15
17.24,11.16,3103,15
17.245,11.125,3119,15
17.25,11.089,3135,15
17.255,11.053,3152,15
17.26,11.016,3168,14
17.265,10.978,3184,14
17.27,10.94,3200,14
17.275,10.901,3217,14
17.28,10.861,3233,7
17.285,10.821,3249,7
17.29,10.78,3265,7
17.295,10.738,3282,12
17.3,10.696,3298,12
17.305,10.653,3314,12
17.31,10.609,3331,12
17.315,10.564,3347,15
17.32,10.519,3363,15
17.325,10.474,3379,15
17.33,10.427,3395,28
17.335,10.381,3412,28
17.34,10.333,3428,28
17.345,10.285,3444,28
17.35,10.236,3460,15
17.355,10.186,3477,15
17.36,10.136,3493,15
17.365,10.085,3509,15
17.37,10.034,3525,14
17.375,9.9821,3541,14
17.38,9.9295,3557,14
17.385,9.8763,3574,15
17.39,9.8224,3590,15
17.395,9.768,3606,15
17.4,9.713,3622,15
17.405,9.6573,3638,15
17.41,9.6011,3655,15
17.415,9.5443,3671,15
17.42,9.4869,3687,15
17.425,9.4289,3703,15
17.43,9.3703,3719,15
17.435,9.3111,3735,15
17.44,9.2514,3751,14
17.445,9.1911,3767,14
17.45,9.1302,3783,14
17.455,9.0688,3800,15
17.46,9.0068,3816,15
17.465,8.9443,3832,15
17.47,8.8812,3848,15
17.475,8.8176,3864,15
17.48,8.7534,3880,15
17.485,8.6886,3896,15
17.49,8.6234,3912,15
17.495,8.5576,3928,15
17.5,8.4913,3944,15
17.505,8.4244,3961,15
17.51,8.3571,3977,15
17.515,8.2892,3993,15
17.52,8.2208,4009,15
17.525,8.1519,4025,15
17.53,8.0825,4041,15
17.535,8.0126,4057,15
17.54,7.9422,4073,15
17.545,7.8713,4089,15
17.55,7.8,4105,15
17.555,7.7281,4121,15
17.56,7.6558,4136,15
17.565,7.583,4152,15
17.57,7.5097,4168,15
17.575,7.436,4184,15
17.58,7.3618,4200,24
17.585,7.2872,4216,24
17.59,7.2121,4232,24
17.595,7.1365,4248,24
17.6,7.0606,4264,15
17.605,6.9842,4280,15
17.61,6.9073,4295,15
17.615,6.8301,4311,15
17.62,6.7524,4327,15
17.625,6.6743,4343,15
17.63,6.5958,4359,15
17.635,6.5168,4374,31
17.64,6.4375,4390,31
17.645,6.3578,4406,31
17.65,6.2777,4421,15
17.655,6.1972,4437,15
17.66,6.1163,4453,15
17.665,6.035,4469,15
17.67,5.9534,4484,15
17.675,5.8714,4500,15
17.68,5.789,4516,15
17.685,5.7063,4531,15
17.69,5.6233,4547,15
17.695,5.5398,4562,15
17.7,5.4561,4578,15
17.705,5.372,4593,15
17.71,5.2876,4609,15
17.715,5.2028,4625,15
17.72,5.1178,4640,15
17.725,5.0324,4656,15
17.73,4.9467,4671,15
17.735,4.8607,4687,15
17.74,4.7744,4702,15
17.745,4.6878,4717,15
17.75,4.6009,4733,15
17.755,4.5137,4748,15
17.76,4.4263,4763,15
17.765,4.3385,4779,15
17.77,4.2506,4794,15
17.775,4.1623,4809,24
17.78,4.0738,4825,24
17.785,3.9851,4840,24
17.79,3.896,4855,24
17.795,3.8068,4870,7
17.8,3.7173,4885,7
17.805,3.6276,4901,7
17.81,3.5377,4916,28
17.815,3.4475,4931,28
17.82,3.3572,4946,28
17.825,3.2666,4961,28
17.83,3.1758,4976,28
17.835,3.0849,4991,28
17.84,2.9937,5006,28
17.845,2.9024,5021,24
17.85,2.8108,5035,24
17.855,2.7192,5050,24
17.86,2.6273,5065,24
17.865,2.5353,5079,24
17.87,2.4431,5094,24
17.875,2.3508,5109,24
17.88,2.2583,5123,15
17.885,2.1657,5138,15
17.89,2.0729,5153,15
17.895,1.98,5167,15
17.9,1.887,5182,28
17.905,1.7939,5196,28
17.91,1.7007,5211,28
17.915,1.6074,5225,24
17.92,1.5139,5239,24
17.925,1.4204,5254,24
17.93,1.3268,5268,24
17.935,1.2331,5282,15
17.94,1.1394,5297,15
17.945,1.0455,5311,15
17.95,0.95163,5325,15
17.955,0.85767,5339,15
17.96,0.76365,5353,15
17.965,0.66959,5367,15
17.97,0.57548,5381,14
17.975,0.48135,5395,14
17.98,0.38718,5409,14
17.985,0.29298,5422,14
17.99,0.19877,5436,7
17.995,0.10455,5450,7
18,0.010322,5463,7
18.005,-0.083908,5477,1
18.01,-0.17811,5490,1
18.015,-0.27232,5504,1
18.02,-0.36652,5517,1
18.025,-0.4607,5531,56
18.03,-0.55484,5544,56
18.035,-0.64895,5557,56
18.04,-0.74303,5570,96
18.045,-0.83705,5583,96
18.05,-0.93103,5596,96
18.055,-1.0249,5609,96
18.06,-1.1188,5621,143
18.065,-1.2126,5634,143
18.07,-1.3063,5646,143
18.075,-1.3999,5659,176
18.08,-1.4935,5671,176
18.085,-1.5869,5682,176
18.09,-1.6802,5694,176
18.095,-1.7735,5705,199
18.1,-1.8666,5717,199
18.105,-1.9597,5728,199
18.11,-2.0526,5739,227
18.115,-2.1453,5749,227
18.12,-2.238,5759,227
18.125,-2.3305,5770,227
18.13,-2.4229,5779,256
18.135,-2.5151,5789,256
18.14,-2.6071,5799,256
18.145,-2.699,5808,256
18.15,-2.7908,5816,263
18.155,-2.8823,5825,263
18.16,-2.9737,5833,263
18.165,-3.0649,5841,271
18.17,-3.1559,5849,271
18.175,-3.2467,5856,271
18.18,-3.3373,5863,271
18.185,-3.4277,5869,271
18.19,-3.5179,5876,271
18.195,-3.6079,5882,271
18.2,-3.6977,5887,271
18.205,-3.7872,5893,271
18.21,-3.8765,5898,271
18.215,-3.9656,5902,271
18.22,-4.0544,5907,271
18.225,-4.1429,5910,271
18.23,-4.2312,5913,271
18.235,-4.3193,5917,256
18.24,-4.4071,5919,256
18.245,-4.4946,5921,256
18.25,-4.5818,5923,256
18.255,-4.6687,5925,227
18.26,-4.7554,5926,227
18.265,-4.8418,5927,227
18.27,-4.9278,5927,316
18.275,-5.0136,5927,316
18.28,-5.0991,5927,316
18.285,-5.1842,5926,316
18.29,-5.269,5925,231
18.295,-5.3535,5923,231
18.3,-5.4377,5921,231
18.305,-5.5215,5919,192
18.31,-5.605,5917,192
18.315,-5.6882,5914,192
18.32,-5.771,5911,192
18.325,-5.8534,5907,206
18.33,-5.9355,5903,206
18.335,-6.0172,5899,206
18.34,-6.0985,5895,206
18.345,-6.1795,5890,195
18.35,-6.2601,5885,195
18.355,-6.3403,5880,195
18.36,-6.4201,5875,177
18.365,-6.4995,5869,177
18.37,-6.5785,5863,177
18.375,-6.6571,5856,177
18.38,-6.7353,5850,159
18.385,-6.8131,5843,159
18.39,-6.8904,5835,159
18.395,-6.9674,5828,127
18.4,-7.0438,5820,127
18.405,-7.1199,5813,127
18.41,-7.1956,5804,127
18.415,-7.2707,5796,112
18.42,-7.3455,5787,112
18.425,-7.4198,5779,112
18.43,-7.4936,5769,112
18.435,-7.567,5760,112
18.44,-7.6399,5751,112
18.445,-7.7123,5741,112
18.45,-7.7842,5731,108
18.455,-7.8557,5721,108
18.46,-7.9267,5711,108
18.465,-7.9972,5700,96
18.47,-8.0672,5690,96
18.475,-8.1367,5679,96
18.48,-8.2057,5668,96
18.485,-8.2742,5657,96
18.49,-8.3422,5646,96
18.495,-8.4097,5634,96
18.5,-8.4767,5623,60
18.505,-8.5431,5611,60
18.51,-8.609,5599,60
18.515,-8.6744,5587,60
18.52,-8.7392,5575,63
18.525,-8.8035,5563,63
18.53,-8.8673,5550,63
18.535,-8.9305,5537,63
18.54,-8.9932,5525,63
18.545,-9.0553,5512,63
18.55,-9.1168,5499,63
18.555,-9.1778,5486,63
18.56,-9.2382,5473,63
18.565,-9.2981,5460,63
18.57,-9.3574,5446,63
18.575,-9.4161,5433,56
18.58,-9.4742,5419,56
18.585,-9.5317,5406,56
18.59,-9.5887,5392,44
18.595,-9.6451,5378,44
18.6,-9.7008,5364,44
18.605,-9.756,5350,44
18.61,-9.8105,5336,35
18.615,-9.8645,5322,35
18.62,-9.9179,5308,35
18.625,-9.9706,5294,31
18.63,-10.023,5279,31
18.635,-10.074,5265,31
18.64,-10.125,5251,31
18.645,-10.175,5236,39
18.65,-10.225,5221,39
18.655,-10.274,5207,39
18.66,-10.322,5192,31
18.665,-10.37,5177,31
18.67,-10.417,5163,31
18.675,-10.464,5148,31
18.68,-10.509,5133,24
18.685,-10.555,5118,24
18.69,-10.599,5103,24
18.695,-10.643,5088,28
18.7,-10.686,5073,28
18.705,-10.729,5058,28
18.71,-10.771,5043,28
18.715,-10.812,5028,28
18.72,-10.852,5013,28
18.725,-10.892,4997,28
18.73,-10.931,4982,28
18.735,-10.97,4967,24
18.74,-11.008,4952,24
18.745,-11.045,4936,24
18.75,-11.082,4921,24
18.755,-11.117,4906,24
18.76,-11.152,4890,24
18.765,-11.187,4875,24
18.77,-11.221,4860,19
18.775,-11.254,4844,19
18.78,-11.286,4829,19
18.785,-11.318,4813,19
18.79,-11.349,4798,19
18.795,-11.379,4783,19
18.8,-11.409,4767,19
18.805,-11.437,4751,15
18.81,-11.466,4736,15
18.815,-11.493,4720,15
18.82,-11.52,4705,15
18.825,-11.546,4689,15
18.83,-11.571,4674,15
18.835,-11.596,4658,15
18.84,-11.62,4642,15
18.845,-11.643,4627,15
18.85,-11.665,4611,15
18.855,-11.687,4595,24
18.86,-11.708,4580,24
18.865,-11.728,4564,24
18.87,-11.748,4548,24
18.875,-11.767,4533,15
18.88,-11.785,4517,15
18.885,-11.802,4501,15
18.89,-11.819,4485,15
18.895,-11.835,4470,24
18.9,-11.85,4454,24
18.905,-11.865,4438,24
18.91,-11.878,4423,15
18.915,-11.891,4407,15
18.92,-11.904,4391,15
18.925,-11.915,4375,15
18.93,-11.926,4359,24
18.935,-11.936,4343,24
18.94,-11.945,4328,24
18.945,-11.954,4312,-1
18.95,-11.962,4296,-1
18.955,-11.969,4280,-1
18.96,-11.975,4264,-1
18.965,-11.981,4248,7
18.97,-11.986,4233,7
18.975,-11.99,4217,7
18.98,-11.994,4201,12
18.985,-11.996,4185,12
18.99,-11.998,4169,12
18.995,-12,4153,12
19,-12,4137,14
19.005,-12,4121,14
19.01,-11.999,4105,14
19.015,-11.997,4089,15
19.02,-11.995,4074,15
19.025,-11.991,4058,15
19.03,-11.987,4042,15
19.035,-11.983,4026,15
19.04,-11.977,4010,15
19.045,-11.971,3994,15
19.05,-11.964,3978,19
19.055,-11.956,3962,19
19.06,-11.948,3946,19
19.065,-11.939,3930,19
19.07,-11.929,3914,7
19.075,-11.918,3898,7
19.08,-11.907,3882,7
19.085,-11.895,3866,7
19.09,-11.882,3850,0
19.095,-11.869,3835,0
19.1,-11.855,3819,0
19.105,-11.84,3803,7
19.11,-11.824,3787,7
19.115,-11.807,3771,7
19.12,-11.79,3755,7
19.125,-11.772,3739,14
19.13,-11.754,3723,14
19.135,-11.734,3707,14
19.14,-11.714,3691,15
19.145,-11.693,3675,15
19.15,-11.672,3659,15
19.155,-11.65,3643,15
19.16,-11.627,3627,14
19.165,-11.603,3612,14
19.17,-11.579,3596,14
19.175,-11.553,3580,15
19.18,-11.528,3564,15
19.185,-11.501,3548,15
19.19,-11.474,3532,15
19.195,-11.446,3516,14
19.2,-11.417,3500,14
19.205,-11.388,3484,14
19.21,-11.358,3468,15
19.215,-11.327,3452,15
19.22,-11.296,3436,15
19.225,-11.263,3420,15
19.23,-11.231,3405,7
19.235,-11.197,3389,7
19.24,-11.163,3373,7
19.245,-11.128,3357,7
19.25,-11.092,3341,7
19.255,-11.056,3325,7
19.26,-11.019,3309,7
19.265,-10.981,3293,15
19.27,-10.943,3277,15
19.275,-10.904,3261,15
19.28,-10.864,3245,15
19.285,-10.824,3229,15
19.29,-10.783,3213,15
19.295,-10.741,3198,15
19.3,-10.699,3182,17
19.305,-10.656,3166,17
19.31,-10.612,3150,17
19.315,-10.568,3134,17
19.32,-10.523,3118,15
19.325,-10.477,3102,15
19.33,-10.431,3086,15
19.335,-10.384,3071,15
19.34,-10.337,3055,15
19.345,-10.289,3039,15
19.35,-10.24,3023,15
19.355,-10.19,3007,24
19.36,-10.14,2991,24
19.365,-10.089,2975,24
19.37,-10.038,2960,7
19.375,-9.9862,2944,7
19.38,-9.9336,2928,7
19.385,-9.8805,2912,7
19.39,-9.8267,2896,7
19.395,-9.7723,2880,7
19.4,-9.7173,2865,7
19.405,-9.6617,2849,15
19.41,-9.6056,2833,15
19.415,-9.5488,2817,15
19.42,-9.4914,2801,15
19.425,-9.4335,2785,15
19.43,-9.3749,2769,15
19.435,-9.3158,2754,15
19.44,-9.2562,2738,15
19.445,-9.1959,2722,15
19.45,-9.1351,2706,15
19.455,-9.0737,2691,15
19.46,-9.0117,2675,15
19.465,-8.9492,2659,15
19.47,-8.8862,2643,15
19.475,-8.8226,2628,15
19.48,-8.7584,2612,15
19.485,-8.6938,2596,15
19.49,-8.6286,2580,15
19.495,-8.5628,2565,24
19.5,-8.4965,2549,24
19.505,-8.4297,2533,24
19.51,-8.3624,2517,24
19.515,-8.2946,2502,15
19.52,-8.2262,2486,15
19.525,-8.1574,2470,15
19.53,-8.088,2455,24
19.535,-8.0181,2439,24
19.54,-7.9478,2423,24
19.545,-7.8769,2408,24
19.55,-7.8056,2392,15
19.555,-7.7338,2377,15
19.56,-7.6615,2361,15
19.565,-7.5887,2345,28
19.57,-7.5155,2330,28
19.575,-7.4418,2314,28
19.58,-7.3677,2299,28
19.585,-7.2931,2283,24
19.59,-7.218,2267,24
19.595,-7.1425,2252,24
19.6,-7.0666,2237,24
19.605,-6.9902,2221,24
19.61,-6.9134,2205,24
19.615,-6.8362,2190,24
19.62,-6.7585,2175,24
19.625,-6.6804,2159,24
19.63,-6.602,2144,24
19.635,-6.5231,2128,28
19.64,-6.4438,2113,28
19.645,-6.3641,2097,28
19.65,-6.284,2082,28
19.655,-6.2036,2067,24
19.66,-6.1227,2051,24
19.665,-6.0415,2036,24
19.67,-5.9599,2021,24
19.675,-5.8779,2005,24
19.68,-5.7956,1990,24
19.685,-5.7129,1975,24
19.69,-5.6298,1959,24
19.695,-5.5464,1944,24
19.7,-5.4627,1929,24
19.705,-5.3786,1914,24
19.71,-5.2942,1898,24
19.715,-5.2095,1883,24
19.72,-5.1245,1868,24
19.725,-5.0391,1853,28
19.73,-4.9535,1838,28
19.735,-4.8675,1823,28
19.74,-4.7812,1807,28
19.745,-4.6946,1792,24
19.75,-4.6078,1777,24
19.755,-4.5206,1762,24
19.76,-4.4332,1747,24
19.765,-4.3455,1732,24
19.77,-4.2575,1717,24
19.775,-4.1693,1702,24
19.78,-4.0808,1687,24
19.785,-3.9921,1672,24
19.79,-3.9031,1657,24
19.795,-3.8138,1642,28
19.8,-3.7244,1627,28
19.805,-3.6347,1612,28
19.81,-3.5448,1597,28
19.815,-3.4547,1583,24
19.82,-3.3643,1568,24
19.825,-3.2738,1553,24
19.83,-3.183,1538,28
19.835,-3.0921,1523,28
19.84,-3.0009,1509,28
19.845,-2.9096,1494,28
19.85,-2.8181,1479,24
19.855,-2.7264,1465,24
19.86,-2.6345,1450,24
19.865,-2.5425,1435,24
19.87,-2.4504,1421,30
19.875,-2.358,1406,30
19.88,-2.2656,1392,30
19.885,-2.173,1377,28
19.89,-2.0803,1363,28
19.895,-1.9874,1348,28
19.9,-1.8944,1334,28
19.905,-1.8013,1320,24
19.91,-1.7081,1305,24
19.915,-1.6148,1291,24
19.92,-1.5213,1277,31
19.925,-1.4278,1263,31
19.93,-1.3342,1249,31
19.935,-1.2405,1234,31
19.94,-1.1468,1220,15
19.945,-1.0529,1206,15
19.95,-0.95903,1192,15
19.955,-0.86509,1178,15
19.96,-0.77108,1164,15
19.965,-0.67702,1151,15
19.97,-0.58292,1137,15
19.975,-0.48879,1123,14
19.98,-0.39462,1109,14
19.985,-0.30043,1095,14
19.99,-0.20622,1082,14
19.995,-0.112,1068,14
20,-0.017768,1055,14
